bpost_1,bpost_2,bpost_3,bpost_4,bpost_5,bpost_6,arm_rot_1,arm_rot_2,arm_rot_3,arm_rot_4
0.0,0.0,0.0,0.0,0.0,0.0,0.0014089999999999999,-0.019430000000000003,0.0014649999999999999,-0.99980900000000006
-1.0921395475071438,1.5984671346117167,-2.749330729430091,1.3551384250554683,-1.604985156528044,2.625701416329417,0.0015890000000000001,-0.019422999999999999,0.00148,-0.99980900000000006
0.52995244395782493,1.5592949769728062,-3.5069268331921251,-0.18047293369642148,-1.5672029185923675,3.3425329551697018,0.001449,-0.019433000000000002,0.001294,-0.99980900000000006
0.92569690233140989,1.5498733104547018,-3.6907387816527617,-0.53275593708993085,-1.5586182130770316,3.5058210130060345,0.0015150000000000001,-0.019321000000000001,0.0013189999999999999,-0.99981100000000001
0.755718786714624,1.5541451504288468,-3.6100518958758556,-0.33690125396017834,-1.5632621669821876,3.4129372439078907,0.001516,-0.019584999999999998,0.0015410000000000001,-0.99980599999999997
-0.62219847314113963,1.5813178169634288,-2.9564388570209417,1.0592356845326663,-1.5913635639650705,2.7505371980775521,0.001524,-0.019427,0.001539,-0.99980900000000006
0.068391321970032948,1.5664381002248642,-3.2837697466571107,0.38137423545177995,-1.5769644750546044,3.0720155537214069,0.0014430000000000001,-0.019449000000000001,0.001526,-0.99980900000000006
0.053983692104139891,1.5669495617393918,-3.2766412571007351,0.40487742776161895,-1.5775167764198161,3.0605869348468033,0.001495,-0.019463000000000001,0.00148,-0.99980800000000003
0.0021700038548218004,1.5676056684262472,-3.2512153303432285,0.46408261434800835,-1.5784155588681139,3.0316684354811905,0.0014089999999999999,-0.019611,0.0013680000000000001,-0.99980599999999997
-0.042102717300835479,1.5686446791134709,-3.2307615020797513,0.51402482299764074,-1.5794801431823629,3.0084776172862533,0.001562,-0.019369999999999998,0.001449,-0.99981000000000009
-0.067717620798262601,1.5693126750383661,-3.2183387453529484,0.54428846540457698,-1.5801835454409483,2.993884705743671,0.0014660000000000001,-0.019428999999999998,0.001523,-0.99980900000000006
-0.18873462856571166,1.5722727454023797,-3.1618128017861693,0.66906668447685291,-1.5830981881951036,2.9355591058686947,0.0014250000000000001,-0.019321999999999999,0.0014400000000000001,-0.99981100000000001
0.14556413812876912,1.5651164173653362,-3.3200936433126884,0.33828706572271727,-1.5761528808518195,3.0922476055469765,0.0014970000000000001,-0.019424,0.001449,-0.99980900000000006
0.0057493420034546716,1.5672908481047376,-3.2526927803817678,0.4811644866845981,-1.5785418224617764,3.0233333129411477,0.001537,-0.019452000000000001,0.0014499999999999999,-0.99980900000000006
0.017426243092280913,1.5669851294158224,-3.2578962843908821,0.47192975168128903,-1.5782589469602539,3.0273841933390626,0.001459,-0.019701,0.001353,-0.99980400000000014
-0.085722008033783936,1.5695164763446336,-3.2097135856128816,0.57711383497499469,-1.5807452557735311,2.9782192733671735,0.0015609999999999999,-0.018963999999999998,0.0014210000000000002,-0.99981799999999998
-0.23265512981921432,1.5731347304839911,-3.1411316269531362,0.72581436996382109,-1.5843114141961565,2.9087990251118825,0.0014990000000000001,-0.01942,0.0015330000000000001,-0.99980900000000006
-0.4740406910913606,1.5788538500143074,-3.0280502426102345,0.9686474000913492,-1.58992064780839,2.7950326204677722,0.001493,-0.019203000000000001,0.001389,-0.99981299999999995
-0.11395991410225292,1.5700785371374877,-3.1960081551769717,0.61011509584785273,-1.5812489275911983,2.9621546862528234,0.0014550000000000001,-0.019434,0.0014609999999999998,-0.99980900000000006
-0.10822995887137155,1.5698881104443507,-3.1985649471582351,0.60575685947631008,-1.5810838577606818,2.9640586007200311,0.0014810000000000001,-0.019875999999999998,0.001495,-0.99980000000000002
-0.11984851278596054,1.5702100467112299,-3.1931726855933995,0.61855876131498988,-1.581391897670386,2.958102773399955,0.001588,-0.019435000000000001,0.0015169999999999999,-0.99980900000000006
0.078862148042358804,1.5661861183252299,-3.2875473496784045,0.42101011063674498,-1.5774488819248247,3.0519574431061072,0.001462,-0.019434,0.0014859999999999999,-0.99980900000000006
0.0045471996831452088,1.5680506459210843,-3.2528286202574854,0.49625565146961392,-1.5792752655926827,3.0168049663103229,0.001521,-0.019459999999999998,0.0013830000000000001,-0.99980900000000006
-0.31359184802013118,1.5742317562510038,-3.1016405097414541,0.81556025301733115,-1.5856861987859037,2.865009324224129,0.0014880000000000002,-0.019418000000000001,0.001472,-0.99980900000000006
-0.3131675911162306,1.5742160915733809,-3.101875648136982,0.81598414514588491,-1.5856723052159236,2.8648348822068241,0.0015169999999999999,-0.019446000000000001,0.001474,-0.99980900000000006
-0.35659771637027404,1.5753250963118679,-3.0814942637704146,0.86010766237680869,-1.5867370109367935,2.8441383982445796,0.0015810000000000002,-0.019463000000000001,0.001374,-0.99980800000000003
-0.35625522073959603,1.5753203406124099,-3.0816694165170708,0.86050929176842106,-1.5867472374697298,2.8439627657887803,0.0015869999999999999,-0.019446999999999999,0.0014400000000000001,-0.99980900000000006
-0.3641303994444236,1.5746921517105044,-3.0763893479740521,0.8691761536518392,-1.5862937495564933,2.8382237229221978,0.0015150000000000001,-0.019308000000000002,0.001397,-0.99981100000000001
-0.37389331746638277,1.5748779522071898,-3.0716068936416629,0.87959398349206741,-1.5865026947591525,2.8331426627979344,0.001634,-0.019449000000000001,0.001335,-0.99980900000000006
-0.39247069928034151,1.5754232968284576,-3.0629313060661225,0.89871141965997658,-1.5870270952410226,2.824232677094483,0.001405,-0.019696000000000002,0.0014239999999999999,-0.99980400000000014
-0.44800565046701379,1.5764302390624485,-3.0362466589207049,0.95488094450407957,-1.5881093996954301,2.7972447950310499,0.0015089999999999999,-0.019455,0.0014660000000000001,-0.99980900000000006
-0.45394506047068628,1.5765261646181927,-3.0333437447121541,0.96137569224898289,-1.588236437582178,2.7940852340316051,0.0013800000000000002,-0.019663999999999997,0.001493,-0.99980499999999994
-0.49447592891569148,1.5773563450689325,-3.0139041108020148,1.0024293641603768,-1.5891029411341173,2.7744156134802362,0.0014730000000000001,-0.019369000000000001,0.001469,-0.99981000000000009
-0.52091133845201654,1.5780616845007629,-3.0015634951718404,1.0292542018089712,-1.5897777040590613,2.7619047841431197,0.0015970000000000001,-0.019576,0.0013859999999999999,-0.99980599999999997
-0.54592753910731417,1.578493711891984,-2.9895021967553923,1.0547624457896703,-1.5902605250392576,2.7496096218768677,0.0015939999999999999,-0.019386,0.0014239999999999999,-0.99981000000000009
-0.48142740363439884,1.5765812765919751,-3.0189965594311348,0.99072344730063833,-1.5884404584241278,2.7788244868759282,0.0015529999999999999,-0.019487000000000001,0.00132,-0.99980800000000003
-0.75312902174574958,1.5828068827492303,-2.8909576349986743,1.2625080859716533,-1.5946400086921053,2.6507629266032637,0.0015019999999999999,-0.019518000000000001,0.0014289999999999999,-0.999807
-0.699083931515879,1.5813786772043394,-2.915848415846876,1.2088051325849865,-1.5932339729100313,2.6754643729041856,0.001482,-0.019390000000000001,0.001371,-0.99981000000000009
-0.65465140580858527,1.5800951768539111,-2.9362745649231634,1.1647488943071389,-1.591996445398203,2.6956667462459429,0.0015660000000000001,-0.019259999999999999,0.0013109999999999999,-0.99981200000000003
-0.7142051132085605,1.5808586360313908,-2.9071349729334823,1.2247509548265327,-1.5929267468343702,2.6662524176507709,0.00175,-0.018422999999999998,0.0016079999999999998,-0.99982800000000005
-0.70962566764834989,1.5803846481706181,-2.9084974534092796,1.2205295201860773,-1.5925366883422043,2.6674059421956864,0.001519,-0.019536000000000001,0.0013460000000000002,-0.999807
-0.6846351514777389,1.579415218491482,-2.9194182027246525,1.1958716043478166,-1.5916546073312534,2.6781197847257792,0.0015410000000000001,-0.019236000000000003,0.0014920000000000001,-0.99981299999999995
-0.74610140801249614,1.5803231724114526,-2.8895323276609393,1.2577361535703915,-1.5927142637118907,2.6479955475749604,0.0014829999999999999,-0.019362000000000001,0.0014349999999999999,-0.99981000000000009
-0.74609325201853238,1.5800096495548914,-2.8888530321406352,1.2580310404616846,-1.5924691481145801,2.6471425343922603,0.001704,-0.018499000000000002,0.0016829999999999998,-0.99982599999999999
-0.75108058914175047,1.5802125513746137,-2.8866732107284214,1.2632107877835885,-1.5926473147153768,2.6448841882309395,0.0013699999999999999,-0.019533000000000002,0.001485,-0.999807
-0.71477683362108646,1.5791900982642584,-2.9033138176461017,1.2271265660345017,-1.5916444854312464,2.6613981612411113,0.0014199999999999998,-0.019275999999999998,0.0016260000000000001,-0.99981200000000003
-0.71224320550744702,1.5788810709108492,-2.9039843549289612,1.2248502286685561,-1.5913840732811968,2.6619234375770193,0.0015539999999999998,-0.019273999999999999,0.001503,-0.99981200000000003
-0.71391294112592618,1.5785440656362262,-2.9023807304225171,1.2267698213224998,-1.5911335790808718,2.6601624824165766,0.001449,-0.019380999999999999,0.0015250000000000001,-0.99981000000000009
-0.73171811326812275,1.5790306771398461,-2.8940676025783301,1.2446907577707105,-1.5915935811167761,2.6518099916124189,0.0016410000000000001,-0.019530000000000002,0.0015039999999999999,-0.999807
-0.74398800618497241,1.5793947639999462,-2.8883795533403882,1.2570755524601083,-1.5919329015945098,2.6460838533447939,0.001604,-0.019139,0.0013489999999999999,-0.99981500000000001
-0.77155555653552454,1.5800866616212641,-2.8754220789241227,1.2847122468304448,-1.5926044479402968,2.633107378961288,0.0015319999999999999,-0.019109000000000001,0.001513,-0.99981500000000001
-0.78351239306207177,1.5804493330453027,-2.8699323636252307,1.2967503377164533,-1.5929461702986671,2.6275914217255032,0.0015710000000000001,-0.019355000000000001,0.001354,-0.99981100000000001
-0.8736729166463455,1.5824854389829426,-2.8275037734344455,1.3868481873259455,-1.5950408433811916,2.5851764023368879,0.001737,-0.018282,0.001645,-0.99982999999999989
-0.88742240743718526,1.5824355381407771,-2.8193633985410447,1.4003888125582442,-1.5952950550154048,2.5770875148546271,0.0015119999999999999,-0.019245999999999999,0.001469,-0.99981299999999995
-0.92823669409294318,1.5832038548978917,-2.7998533759065323,1.4410795480871812,-1.5961531331953269,2.5575926888163032,0.0014810000000000001,-0.019165999999999999,0.0014369999999999999,-0.99981399999999998
-0.85649967058385634,1.5817627353911072,-2.8338823641229571,1.3693058156263742,-1.5947642152946788,2.5915988406064443,0.0014679999999999999,-0.019273999999999999,0.0015499999999999999,-0.99981200000000003
-0.75439604333164656,1.5796814201506308,-2.8822188085260274,1.2671575541136555,-1.5927759099349359,2.6398898771439794,0.001444,-0.019161000000000001,0.0015529999999999999,-0.99981399999999998
-0.67842048562618196,1.5780719659614519,-2.9181717402472862,1.1910906379480215,-1.5912830845655122,2.6757847752459596,0.001464,-0.019452000000000001,0.0015400000000000001,-0.99980900000000006
-0.56672454902249303,1.57580660097528,-2.9709831978915302,1.0793578406655699,-1.5891284062090898,2.7285290986274595,0.0015640000000000001,-0.019466000000000001,0.0014430000000000001,-0.99980800000000003
-0.68465930290007471,1.5775842150092183,-2.9143926228455612,1.1969201270760106,-1.5913410645999382,2.6718655718669,0.0014840000000000001,-0.019402000000000003,0.001395,-0.99981000000000009
-0.73628001278143351,1.578106249657969,-2.8893948472765789,1.248240383105248,-1.5921474754038965,2.6468027022447629,0.001513,-0.019223000000000001,0.0014369999999999999,-0.99981299999999995
-0.66485913413750364,1.5767666592410936,-2.9232243720664077,1.1768207318981285,-1.5908868439935286,2.6805836290460725,0.0015410000000000001,-0.019272000000000001,0.0015349999999999999,-0.99981200000000003
-0.7174160954526867,1.5773012105411577,-2.8977014204963947,1.229084755721642,-1.5917108319173663,2.6550071128366013,0.001609,-0.019587,0.0015169999999999999,-0.99980599999999997
-0.77207835401952263,1.5776243074504892,-2.8707766947310387,1.2833702905842896,-1.5924816337336061,2.6280007030068608,0.0014779999999999999,-0.019612999999999998,0.001575,-0.99980499999999994
-0.72045902633989334,1.5766216880117425,-2.8952273930029948,1.2317080326116532,-1.5915759712043183,2.6523941868210712,0.001596,-0.019290000000000002,0.001511,-0.99981200000000003
-0.67760290755338093,1.5758876876488088,-2.9155749797533099,1.1888602672037103,-1.5908941849229974,2.6727080656100624,0.0014550000000000001,-0.019303999999999998,0.0014859999999999999,-0.99981100000000001
-0.69824385756697538,1.5760190695012157,-2.9054966773832152,1.209325443417125,-1.5911599643130305,2.6626021834538309,0.0014419999999999999,-0.019487000000000001,0.0013810000000000001,-0.99980800000000003
-0.66060126409736153,1.5754316232549894,-2.9233586314875049,1.1717186997689479,-1.5906146099329692,2.6804408496571339,0.0014480000000000001,-0.019487000000000001,0.0014170000000000001,-0.99980800000000003
-0.69600397141528192,1.5758739769905712,-2.905977717765079,1.2070940838413891,-1.5911567362400567,2.6630519929049208,0.0014499999999999999,-0.019372,0.001433,-0.99981000000000009
-0.65729655894540329,1.5752494636009069,-2.9243158673732963,1.1684165369295068,-1.5905910073990999,2.6813601182263826,0.0015590000000000001,-0.019605000000000001,0.001505,-0.99980499999999994
-0.68943622590058107,1.5756488305330445,-2.908597901114248,1.2005084095176892,-1.5910772438271696,2.6656365970423099,0.0016190000000000002,-0.019536999999999999,0.001413,-0.999807
-0.6518263179929894,1.575044025702995,-2.9263840447290694,1.1629370756547404,-1.5905476082090664,2.6833892100373511,0.001472,-0.019509000000000002,0.0014449999999999999,-0.99980800000000003
-0.67847052391393459,1.5753557805993061,-2.9132099851873163,1.1895897379512519,-1.5909416502259492,2.6702036890761072,0.001526,-0.019507,0.0015140000000000002,-0.999807
-0.66079561565078881,1.5751564325876188,-2.9216288660098098,1.1719857554435584,-1.5907716156849911,2.6786077784966555,0.001536,-0.019431,0.001387,-0.99980900000000006
-0.64461517646053013,1.5749180431288605,-2.9293733407198355,1.1558076902819807,-1.5905657680256129,2.6863314233240727,0.0015,-0.019588000000000001,0.0014189999999999999,-0.99980599999999997
-0.63899528940349515,1.5748341237083343,-2.9321143998049051,1.1501545240284106,-1.5905173233373864,2.6890559653311632,0.001503,-0.019449999999999999,0.00134,-0.99980900000000006
-0.65177136407236658,1.5750211176796785,-2.9258382277492458,1.1628459742966455,-1.5907809824774499,2.6827928489388331,0.001637,-0.018246999999999999,0.0016649999999999998,-0.99983099999999991
-0.65689005021975522,1.5751310278124457,-2.9233576944344328,1.1679390180852245,-1.5909086800956913,2.6803190396515069,0.0015839999999999999,-0.019684,0.001482,-0.99980400000000014
-0.6635403327729188,1.5752499517003333,-2.9200636180525494,1.1745468691231205,-1.5910632767231354,2.6770373011514672,0.0014320000000000001,-0.019277000000000002,0.0013730000000000001,-0.99981200000000003
-0.66883274611541821,1.5753100690479767,-2.9172983302337938,1.1798024876592974,-1.591163151396261,2.6742823986005355,0.0016120000000000002,-0.019494000000000001,0.0012819999999999999,-0.99980800000000003
-0.73403802722524869,1.5760475844481552,-2.8844096048511698,1.2446996312223888,-1.5926223174160936,2.6414580880302041,0.0015949999999999998,-0.019466000000000001,0.0013500000000000001,-0.99980800000000003
-0.76085270026414342,1.5763372638039805,-2.8702615411138539,1.2713030147957012,-1.5933559598733558,2.6273917662078241,0.0016059999999999998,-0.019262000000000001,0.001374,-0.99981200000000003
-0.80116617653885225,1.5766432952526048,-2.8489114196493754,1.3113244586708603,-1.5943893219375789,2.6061274254424758,0.0014939999999999999,-0.019348000000000001,0.0013449999999999998,-0.99981100000000001
-0.8018505605508579,1.5764953432589648,-2.8476252715216912,1.3118843068240844,-1.5944512535224966,2.6048827077514787,0.001552,-0.019550000000000001,0.0014920000000000001,-0.999807
-0.79691142498027379,1.5761625919634428,-2.8488782396527679,1.3068401071771942,-1.5943170271761253,2.6061528646037795,0.001573,-0.019449000000000001,0.001354,-0.99980900000000006
-0.80131226563597835,1.5756663786009775,-2.8447206075425857,1.3110155775406609,-1.594310299648368,2.6020030846583682,0.0015689999999999999,-0.019217999999999999,0.001441,-0.99981299999999995
-0.80264471664037762,1.5751513865405133,-2.8425284662643926,1.3121946135985141,-1.5941133449544549,2.599788484158096,0.001567,-0.019453999999999999,0.0015019999999999999,-0.99980800000000003
-0.80564764615523665,1.5745980738067638,-2.83959561456237,1.315065274921597,-1.5938553010189342,2.5968102790971295,0.001537,-0.019514,0.001572,-0.999807
-0.81123704417665432,1.5740515112752349,-2.8355390674629932,1.3205433436960883,-1.5935776504912684,2.5926922436554412,0.0015630000000000002,-0.019323,0.001627,-0.99981100000000001
-0.82546633035579697,1.5734131181606761,-2.8271492669618103,1.3345759832396284,-1.5933104736403825,2.584213774322687,0.001616,-0.019325999999999999,0.0016510000000000001,-0.99981100000000001
-0.85251079592351031,1.5723724863716686,-2.8118527580342825,1.3613074293123744,-1.5928972588886361,2.5687304244767031,0.0016760000000000002,-0.019150999999999998,0.001562,-0.99981399999999998
-0.9090615026659572,1.5713866385345796,-2.7830068978329505,1.4175199939156622,-1.5924874264683493,2.539589229740955,0.0015480000000000001,-0.019384000000000002,0.0018210000000000001,-0.99980900000000006
-0.99738103738111961,1.570485881900691,-2.7391771068971305,1.5054995528955564,-1.592199643664556,2.4953731415814659,0.0014119999999999998,-0.018956999999999998,0.001841,-0.99981799999999998
-1.0937617009364868,1.5689077619948211,-2.6915105763191405,1.6013818167254681,-1.5913175271978182,2.447134675424977,0.001531,-0.019168999999999999,0.001805,-0.99981299999999995
-1.1645926031065601,1.5662944916225694,-2.6566390945714491,1.6715521309293169,-1.5892728958351083,2.4114869304097706,0.0015660000000000001,-0.019088000000000001,0.0017910000000000001,-0.99981500000000001
-1.2469324146429905,1.5660895249517939,-2.617957699478596,1.7536985681442849,-1.589135699914181,2.3725182463104568,0.0015970000000000001,-0.018996000000000002,0.0018569999999999999,-0.99981699999999996
-1.4725627530956469,1.5676657665649221,-2.510039844587304,1.9792621004171165,-1.5914222468082455,2.2643402971875437,0.001629,-0.019015000000000001,0.0017329999999999997,-0.99981600000000004
-1.5415070493355734,1.5630842992725955,-2.4777622770731349,2.0472812001298322,-1.5870925592776468,2.2306964990531561,0.0016579999999999998,-0.019264,0.0018159999999999999,-0.99981100000000001
-1.6316261143351121,1.55862503373646,-2.4360113169946422,2.1364803370097718,-1.5827910868500501,2.1875127571983497,0.0015810000000000002,-0.019112999999999998,0.001727,-0.99981500000000001
-1.6513966105352456,1.5490312103638819,-2.4269101719264277,2.1546524538176959,-1.5736169871275698,2.1758738193831406,0.0016800000000000001,-0.019185000000000001,0.0017809999999999998,-0.99981299999999995
-1.6466290651049897,1.5383000993354468,-2.430353810765975,2.1481700627405749,-1.5630475945505844,2.1764901063603799,0.001684,-0.019199000000000001,0.0017769999999999999,-0.99981299999999995
-1.6865967252957919,1.5327105144874249,-2.4140391370203749,2.187164337142455,-1.5571180577386028,2.1584977930744249,0.0015839999999999999,-0.019403999999999998,0.001786,-0.99980900000000006
-1.6569276755169295,1.5190953189685321,-2.4303585081544257,2.1554142077438825,-1.5434282125314629,2.1712067725702164,0.001629,-0.019264,0.0016620000000000001,-0.99981200000000003
-1.6457599982029247,1.5124351590921852,-2.4386088980169882,2.1432159299730245,-1.5362262467688534,2.1776079221098836,0.001536,-0.019081999999999998,0.0016750000000000001,-0.99981500000000001
-1.6168146579786205,1.4933540258843749,-2.4562432148721487,2.1114083412344433,-1.516864594359052,2.1900238295233594,0.00158,-0.019227000000000001,0.0017879999999999999,-0.99981200000000003
-1.5939952450846195,1.4817170613890365,-2.4713974593904808,2.0868297864056085,-1.504489171424479,2.2019338155404671,0.0015640000000000001,-0.019424,0.0016649999999999998,-0.99980900000000006
-1.5689825442027456,1.459388412638978,-2.4884271461048932,2.058494942275602,-1.4816928857754501,2.2127486503213385,0.001539,-0.019302,0.0016420000000000002,-0.99981100000000001
-1.5278780618676011,1.437420662546038,-2.5132845371279555,2.014164556333939,-1.4591096913602439,2.2315026511268443,0.0016600000000000002,-0.019195,0.0016989999999999998,-0.99981299999999995
-1.5045121929304699,1.4112261676001947,-2.5310730031935069,1.9869455569294712,-1.4322002650378913,2.2418889028882694,0.001529,-0.019366999999999999,0.001588,-0.99981000000000009
-1.4516299520792288,1.3787482143085756,-2.5610312235340373,1.9293987294818009,-1.3996863555784669,2.2628381897303251,0.001604,-0.019333000000000003,0.0016460000000000001,-0.99981000000000009
-1.447979911493618,1.3531155823818311,-2.5714366160195139,1.9219693149472716,-1.3728466015241385,2.2658121450389044,0.0015220000000000001,-0.019436000000000002,0.0016190000000000002,-0.99980900000000006
-1.4218267340769044,1.3215696514219184,-2.5916318922468671,1.8912620996695901,-1.3405109321889936,2.2770097769245154,0.0017219999999999998,-0.019377999999999999,0.001573,-0.99981000000000009
-1.4144408620249229,1.3021680596476384,-2.6035132373101346,1.8810256749773329,-1.3196530997447917,2.2831853237562285,0.0014789999999999998,-0.019438999999999998,0.001629,-0.99980900000000006
-1.4005343050418904,1.2646310714335289,-2.6185142968779953,1.8617514631380669,-1.2815090162958251,2.2874128729596359,0.0016620000000000001,-0.019616999999999999,0.0016739999999999999,-0.99980499999999994
-1.3847882416253958,1.2248513788254609,-2.6345906156514718,1.8403631171510646,-1.2411584235061297,2.2920529841553781,0.0016120000000000002,-0.019538,0.0015660000000000001,-0.999807
-1.3844213596026824,1.195724262137982,-2.6448903773379762,1.8358091103665779,-1.2105988687080895,2.2937838466030609,0.0016489999999999999,-0.019687,0.00164,-0.99980300000000011
-1.3732819070941342,1.1617679374664478,-2.6593483910605724,1.8198623521301205,-1.1756433752805859,2.2983671337034992,0.0015609999999999999,-0.019087,0.0016479999999999999,-0.99981500000000001
-1.3744828658417727,1.1427511774149361,-2.6677722361374361,1.8183248433093435,-1.155022151163122,2.3010788985440436,0.0017230000000000001,-0.019293000000000001,0.0016710000000000002,-0.99981100000000001
-1.3719708214910691,1.1191556717763076,-2.6782674592106455,1.8124545377122154,-1.1299317783806073,2.3045604569990767,0.0016359999999999999,-0.019782000000000001,0.0016460000000000001,-0.99980200000000008
-1.3673053538604383,1.0873369921023321,-2.6894834859479357,1.8033344531177506,-1.0970946564614934,2.3064444778589355,0.0017170000000000002,-0.019471000000000002,0.0016589999999999999,-0.99980800000000003
-1.3703525746000091,1.0726815078514675,-2.6956173332654805,1.8042862081949627,-1.0810344142270112,2.3081275235498606,0.0016640000000000001,-0.019800999999999999,0.001805,-0.99980100000000005
-1.3674177326852144,1.0409493158094045,-2.7050093599473888,1.7969531028889971,-1.0485769818391604,2.308223114731812,0.001761,-0.019518999999999998,0.001696,-0.999807
-1.3726232060816042,1.0277323270541079,-2.7095129783991974,1.8002781649301045,-1.0340772151694446,2.3086895299697132,0.0016149999999999999,-0.019622000000000001,0.001696,-0.99980499999999994
-1.3780995234689926,1.0078685848821265,-2.7149629845078702,1.8029727260461783,-1.0129588586370271,2.3081610328183362,0.0017800000000000001,-0.019412000000000002,0.001614,-0.99980900000000006
-1.3755720193778675,0.9787258432255127,-2.7229135973648466,1.7964649916617428,-0.98331643381183764,2.3075617299770714,0.001539,-0.019400000000000001,0.001575,-0.99980900000000006
-1.3812602264901535,0.97561094477939259,-2.7224364914955208,1.801711713247552,-0.9797859469339899,2.3061054736378468,0.0016420000000000002,-0.019514,0.0017100000000000001,-0.999807
-1.3855713176123066,0.96219182698024408,-2.7268424454333009,1.8041607610047738,-0.96523814012986386,2.3064133810851875,0.0016699999999999998,-0.019282000000000001,0.0017160000000000001,-0.99981100000000001
-1.3871551137313776,0.93578877598157595,-2.7319052058798592,1.8021884471235607,-0.93850928365880038,2.3036969828700284,0.0016620000000000001,-0.019515999999999999,0.0016479999999999999,-0.999807
-1.3931216720595481,0.92415734898669721,-2.7347342486691724,1.8065486496595733,-0.92590921111024582,2.3029570894649556,0.0016000000000000001,-0.019336000000000002,0.0015949999999999998,-0.99981100000000001
-1.3943657975214945,0.89962051535581011,-2.7390848364136851,1.8045232038588133,-0.90120005700323402,2.300078722474848,0.001562,-0.019393999999999998,0.0017030000000000001,-0.99980900000000006
-1.3990451227606508,0.87884212541664386,-2.7420897105353848,1.8064275213587058,-0.88002508673685187,2.296898830193673,0.0015269999999999999,-0.019430000000000003,0.0016920000000000001,-0.99980900000000006
-1.405120678441228,0.8704150775616486,-2.7435701374049382,1.8113514781756812,-0.87085017450720792,2.2957699673706808,0.0016609999999999999,-0.019283000000000002,0.0018739999999999998,-0.99981100000000001
-1.4113690642910255,0.85780025196342269,-2.7454672820981925,1.8159042637513785,-0.85755872052534277,2.293827243430131,0.0016559999999999999,-0.019185000000000001,0.0016230000000000001,-0.99981299999999995
-1.4167420080740325,0.83742071984196631,-2.7464247013391909,1.8186131468553326,-0.8372757805402411,2.2887597262376826,0.0015689999999999999,-0.019446000000000001,0.0016059999999999998,-0.99980800000000003
-1.4246990116740412,0.8207881628886341,-2.7461121247948408,1.8243924342445466,-0.82060734535251656,2.2834888904150961,0.0016559999999999999,-0.019359000000000001,0.001645,-0.99981000000000009
-1.4335456334041223,0.81407605722452492,-2.74454502659388,1.8323470907049921,-0.81361987391592239,2.2798587320229293,0.001586,-0.019252000000000002,0.0015449999999999999,-0.99981200000000003
-1.4440588860337642,0.80274272113904011,-2.7417404981294156,1.8413879815905161,-0.80240710222339284,2.2736628958934433,0.0016850000000000001,-0.019167,0.0015609999999999999,-0.99981399999999998
-1.4526562459130978,0.79177401918556667,-2.7402506484268505,1.8485647348719072,-0.79139463041934843,2.2688739468828354,0.001621,-0.019209999999999998,0.001689,-0.99981299999999995
-1.4621139171591808,0.78123978353344603,-2.7375510033591994,1.8566743928996166,-0.78105030905260775,2.2630283419995982,0.001572,-0.019458,0.0015710000000000001,-0.99980800000000003
-1.4716942402697464,0.76883656772367592,-2.7337386528027383,1.8646931975475822,-0.76924744099960229,2.2555674661673968,0.0017420000000000003,-0.019375,0.0016309999999999999,-0.99980900000000006
-1.4822560981133763,0.75911698765997693,-2.7282570786369216,1.8740484735584242,-0.76036843027968326,2.2472639456125294,0.0016059999999999998,-0.019525000000000001,0.0015150000000000001,-0.999807
-1.4919924452062427,0.74450001462436199,-2.7210465173112941,1.8820046155653414,-0.7474506972887377,2.2358936513661405,0.0016609999999999999,-0.019550000000000001,0.0015740000000000001,-0.99980599999999997
-1.5026364869091218,0.73386856083005381,-2.7130160054594028,1.8913738044615129,-0.73845852923430777,2.2248769267148387,0.0017059999999999998,-0.019283000000000002,0.001513,-0.99981100000000001
-1.5128336783649772,0.73241085634972092,-2.6912357277488628,1.9016053890067888,-0.74226814869572011,2.2034028103478143,0.0016659999999999999,-0.019549,0.0016069999999999999,-0.99980599999999997
-1.5217752889129377,0.7315192413828141,-2.6697915858259149,1.9106569830917526,-0.74667644504921982,2.1824510580321146,0.0015499999999999999,-0.019630999999999999,0.0014519999999999999,-0.99980499999999994
-1.5319326551051735,0.72029302598980904,-2.6540920227709424,1.9195840159671682,-0.7394556557343388,2.1639294791599224,0.0017910000000000001,-0.019633000000000001,0.001482,-0.99980499999999994
-1.5415882049712113,0.71339268699457592,-2.6377912526965699,1.9285530021525281,-0.73658983504403319,2.1461166791361372,0.0018030000000000001,-0.019573,0.0014170000000000001,-0.99980599999999997
-1.5491405753257119,0.71122143711361041,-2.6196480348727205,1.9360340643896821,-0.73901026817484505,2.1279911443894624,0.0017160000000000001,-0.019374000000000002,0.001542,-0.99981000000000009
-1.5552063459341048,0.69511612776229337,-2.6007191193690868,1.9403697014760171,-0.72861210431385159,2.1050413563186567,0.0015789999999999999,-0.019604,0.0016079999999999998,-0.99980499999999994
-1.5610917728968987,0.68117706199779615,-2.578256346999201,1.9448350636003069,-0.7213487905697229,2.0793528378150445,0.0016719999999999999,-0.019703999999999999,0.0016260000000000001,-0.99980300000000011
-1.5626014686728589,0.67466275394234632,-2.5434313146870156,1.945988598012719,-0.72530534389336809,2.0441560002228876,0.0017690000000000002,-0.019743,0.001557,-0.99980200000000008
-1.566299526426516,0.66106998568569764,-2.5180568848761604,1.9483708693892789,-0.71950884255951597,2.0158384226320125,0.001583,-0.019748999999999999,0.001552,-0.99980300000000011
-1.5653477041584598,0.64061912400120613,-2.4888507419455506,1.9453714579484014,-0.70886871402563056,1.9819392644042346,0.0016800000000000001,-0.019542,0.0015689999999999999,-0.99980599999999997
-1.5644591831549788,0.62417007504283395,-2.4566222335127677,1.9429481548686103,-0.70293586424505472,1.9463346287064192,0.001702,-0.019446000000000001,0.0014599999999999999,-0.99980800000000003
-1.5610736807279499,0.6068223353159593,-2.4208077753583672,1.9379844016394459,-0.69751002138950813,1.907097157863793,0.0017690000000000002,-0.019278,0.0015019999999999999,-0.99981100000000001
-1.5548449714135806,0.58736730571957685,-2.3822530344954296,1.9299855427605934,-0.69122927401423528,1.8646829153824391,0.0017420000000000003,-0.019451,0.0014829999999999999,-0.99980800000000003
-1.5468954033948223,0.56982840881944963,-2.3408713663406333,1.9205363217733333,-0.68781852578877278,1.8201827712961904,0.0017109999999999998,-0.019946000000000002,0.001593,-0.99979799999999996
-1.5372933789844956,0.55131737991554164,-2.2989636246452649,1.9093445505432145,-0.68383990800465311,1.7749300949491791,0.0016059999999999998,-0.019487999999999998,0.0014920000000000001,-0.99980800000000003
-1.5196733414160462,0.53065676895255676,-2.2446114700260624,1.8900696163411801,-0.68243891079629115,1.7173525187003407,0.0015869999999999999,-0.019732,0.0016429999999999999,-0.99980300000000011
-1.502207057842972,0.51095609402796283,-2.192858289054445,1.8710368615723545,-0.68117114211119867,1.662540718550688,0.0015869999999999999,-0.019699000000000001,0.001627,-0.99980300000000011
-1.4672978516367792,0.49434003027552031,-2.1192245433809496,1.8352474209124274,-0.69130947449706837,1.5882365134005549,0.001702,-0.019406,0.0015609999999999999,-0.99980900000000006
-1.4430661976568009,0.47310482623157579,-2.0612883642669164,1.8093874876162346,-0.69121246161815397,1.5272345532262188,0.001575,-0.019481999999999999,0.001521,-0.99980800000000003
-1.397432256046903,0.45149950966383767,-1.9776609770193172,1.762467159624735,-0.70082114155576125,1.4421764347104955,0.0016170000000000002,-0.019678000000000001,0.001544,-0.99980400000000014
-1.3708757464587134,0.42836104228978927,-1.9214987483768762,1.7340741054396818,-0.69866330628517004,1.3823477335585039,0.0016469999999999998,-0.019446999999999999,0.001403,-0.99980900000000006
-1.3395818697270441,0.40407140487185,-1.8609591817291189,1.7008875260404133,-0.69725346499668417,1.3181148613430151,0.001634,-0.019744000000000001,0.001505,-0.99980300000000011
-1.3124041291559636,0.3810749295795377,-1.8085356420738981,1.6718679828083187,-0.69419015491464953,1.2619073622361585,0.0017800000000000001,-0.019699000000000001,0.0016190000000000002,-0.99980300000000011
-1.2804592082367821,0.35585345998116069,-1.7520668223672786,1.6379017095660575,-0.6907574374618346,1.2012840327426264,0.0016760000000000002,-0.019553000000000001,0.0016129999999999999,-0.99980599999999997
-1.2432104664921808,0.32875226291695192,-1.6907027760053839,1.5985005051013881,-0.68760355915022153,1.1355523568707742,0.0015579999999999999,-0.0195,0.001629,-0.999807
-1.2079182071280556,0.30102261095941579,-1.635512714196407,1.5609262148801266,-0.68177544818290003,1.07545809787299,0.0017469999999999999,-0.019229,0.0015089999999999999,-0.99981200000000003
-1.167745250154915,0.27444193396746924,-1.5743516786383192,1.5186788913341631,-0.67938444885324134,1.0101481107323376,0.001552,-0.019663,0.0016750000000000001,-0.99980400000000014
-1.1288298268095844,0.24885366313670168,-1.5168022880835772,1.4777637770878118,-0.67670943673404382,0.94854823555488754,0.0016129999999999999,-0.019790000000000002,0.00158,-0.99980200000000008
-1.087902558378858,0.22136391185738238,-1.4599514266708715,1.4346366415515421,-0.67222953680963982,0.88707514784147845,0.0016069999999999999,-0.019571000000000002,0.001567,-0.99980599999999997
-1.0446100062918815,0.19697011272519255,-1.4000658243863489,1.3895219734698769,-0.67188476912884521,0.8237277791324733,0.0016239999999999998,-0.019778,0.0015689999999999999,-0.99980200000000008
-1.0043448250967282,0.17278245307894968,-1.34581758572378,1.3473973509338719,-0.66970389968949307,0.76572688072433226,0.0015660000000000001,-0.019910000000000001,0.0016539999999999999,-0.99979899999999999
-0.96066543328390208,0.15077636299699773,-1.288533385202443,1.3021413023646939,-0.67089041247902825,0.70560618141143427,0.0016149999999999999,-0.019545,0.00158,-0.99980599999999997
-0.91824439211670972,0.1269923849763426,-1.2351015973402928,1.2579128664760313,-0.66907892156514237,0.64855623640603732,0.0016230000000000001,-0.020011000000000001,0.001588,-0.99979699999999994
-0.87483068218052318,0.10393951547137079,-1.181813950106098,1.212775579856229,-0.6680303958397249,0.59189425591296918,0.0016710000000000002,-0.019706000000000001,0.0014990000000000001,-0.99980300000000011
-0.83590011226679761,0.082341705135852192,-1.134755816252788,1.1722094339930551,-0.66599344363407253,0.54148989433939376,0.0014470000000000002,-0.019653999999999998,0.0014939999999999999,-0.99980499999999994
-0.79465798275729538,0.061158836305746409,-1.0862942696082067,1.129398548963396,-0.66502835479867695,0.48993861232349589,0.0016120000000000002,-0.019701,0.0014430000000000001,-0.99980400000000014
-0.75204447234174443,0.038839360614090088,-1.0385399338319097,1.0850939038484593,-0.66290293892054375,0.43873197217721893,0.0016190000000000002,-0.019667,0.001408,-0.99980400000000014
-0.70950242349144133,0.016490369900042719,-0.99251814278421024,1.0408422568438427,-0.66020956760256266,0.38915396088209947,0.0016149999999999999,-0.019918000000000002,0.001454,-0.99979899999999999
-0.66968392766168283,-0.0033831095826402577,-0.94947246498855786,0.99954333215485724,-0.65868139408945681,0.34310925740428744,0.00149,-0.019509000000000002,0.0014140000000000001,-0.99980800000000003
-0.63026231339811567,-0.022791180448166377,-0.90799743545311729,0.95867561166860193,-0.65707139333531239,0.29868796015297816,0.0014660000000000001,-0.01949,0.001616,-0.99980800000000003
-0.59203045702591262,-0.041788511548102786,-0.86900540418153238,0.91901609296736619,-0.65496016850587446,0.25671804224695727,0.0015789999999999999,-0.019196999999999999,0.001588,-0.99981299999999995
-0.54418384497170214,-0.065970434317198678,-0.82647309321263929,0.86925519669747775,-0.64993371985475812,0.20999718854558624,0.0015499999999999999,-0.019694999999999997,0.001614,-0.99980400000000014
-0.50717326812836361,-0.083602313020848681,-0.79046909068440863,0.83092341262599789,-0.64807416459458256,0.17125152754032941,0.001498,-0.019706000000000001,0.0014599999999999999,-0.99980400000000014
-0.47323987588375788,-0.099173884291275133,-0.75738403856760339,0.79585324973933402,-0.64696497414692222,0.13584841534961442,0.001629,-0.019934,0.0015269999999999999,-0.99979899999999999
-0.43126670743533807,-0.11916520015779551,-0.72194629246608388,0.7523174766097136,-0.64313334601326055,0.097015266100535208,0.0013810000000000001,-0.019709000000000001,0.0015630000000000002,-0.99980400000000014
-0.39231709617568139,-0.13715871905729132,-0.68890833665523432,0.71197606686003545,-0.64016562652213183,0.061004862607227338,0.0014599999999999999,-0.019200999999999999,0.0015499999999999999,-0.99981299999999995
-0.35966476052244184,-0.15219263237078759,-0.66075307946847772,0.67818361139325312,-0.63787480408749175,0.030401281584514491,0.0014239999999999999,-0.019755999999999999,0.001536,-0.99980300000000011
-0.3301933606051452,-0.16430982448093304,-0.63376836001037518,0.64785739631458772,-0.63771517823371859,0.0017523424999032061,0.0014679999999999999,-0.019584999999999998,0.0015429999999999999,-0.99980599999999997
-0.30138172783855677,-0.17510075948996945,-0.60737824782062277,0.61832622341082877,-0.63857891878775308,-0.025921049939445502,0.0015810000000000002,-0.019609000000000001,0.001531,-0.99980499999999994
-0.26579322616584677,-0.1901644577588513,-0.57990533778018938,0.58157402168669181,-0.63631752518647067,-0.055828685428895811,0.001436,-0.01967,0.0016300000000000002,-0.99980400000000014
-0.23417755964718978,-0.20323220840440395,-0.55521421121357806,0.54896001934753991,-0.63470637434450106,-0.082570627573288133,0.0014970000000000001,-0.019788999999999998,0.001505,-0.99980200000000008
-0.20458588140789286,-0.21523449941332307,-0.53246520630787031,0.51845350871615925,-0.63330052170840589,-0.10718629773581098,0.0015269999999999999,-0.019833,0.0015710000000000001,-0.99980100000000005
-0.18022339398226031,-0.22505006088920357,-0.51314981062391307,0.49336840174591107,-0.63239896337337487,-0.12798360087618177,0.0015330000000000001,-0.019958,0.0014869999999999998,-0.99979899999999999
-0.15547125880223561,-0.23482935793667992,-0.49441815198110894,0.46788468691825269,-0.63137540894093791,-0.1482087435625368,0.0015150000000000001,-0.019581000000000001,0.00148,-0.99980599999999997
-0.13263878738255475,-0.2436582438389584,-0.47717815423383997,0.44439896034578669,-0.63060412352070738,-0.16676795208758916,0.001446,-0.019491000000000001,0.0014,-0.99980800000000003
-0.11173169692857446,-0.25161223392533799,-0.46141802970092038,0.42291261755124382,-0.63001567268140179,-0.1836956761876867,0.001415,-0.019453999999999999,0.0014869999999999998,-0.99980900000000006
-0.091946551065506116,-0.25896029567245404,-0.44664999683653045,0.40259658555836214,-0.62958391695099059,-0.19952003453775993,0.001459,-0.019609999999999999,0.001351,-0.99980599999999997
-0.075066777403595381,-0.26441178061374992,-0.43278459996125779,0.38539418298501527,-0.63043161557860328,-0.21394383680374884,0.0014109999999999999,-0.020247999999999999,0.001408,-0.99979300000000004
-0.05747244849078504,-0.27072770802408075,-0.41991986753495769,0.36735260485076238,-0.63017181534586897,-0.22769374920630731,0.001356,-0.01932,0.0014060000000000001,-0.99981200000000003
-0.040855484369153088,-0.27653214974849649,-0.40783971929480989,0.3503298280694222,-0.63005926817759628,-0.2405625458826742,0.0014159999999999999,-0.019627000000000002,0.001358,-0.99980499999999994
-0.024955187445151489,-0.28192357729217771,-0.39641013626097171,0.33405438147423511,-0.63006627357510825,-0.25270214995943036,0.001366,-0.019799000000000001,0.0014779999999999999,-0.99980200000000008
-0.010319174856925892,-0.28683494855603225,-0.38590515808231007,0.31908678577388006,-0.63011873037692279,-0.2638445061335904,0.001462,-0.019465,0.001454,-0.99980800000000003
0.0046255154002254944,-0.29175722869375531,-0.37575332960530011,0.30379417961566513,-0.63006637861235515,-0.27464997732242685,0.0015839999999999999,-0.018577,0.0017260000000000001,-0.99982499999999996
0.018688166969525966,-0.29629717570910241,-0.36629347534209289,0.28941390916569454,-0.63007468106907749,-0.28470045791902521,0.0017260000000000001,-0.018458000000000002,0.0016100000000000001,-0.99982700000000002
0.031908711927868025,-0.30044190330682047,-0.35742233769877024,0.27590705599599769,-0.630195030363363,-0.29408853912415522,0.0013489999999999999,-0.019729,0.0014920000000000001,-0.99980300000000011
0.044062036423304876,-0.30422447359080035,-0.34926705266734631,0.26350184578091213,-0.63033356307657695,-0.30270992953937931,0.0013650000000000001,-0.019809999999999998,0.001472,-0.99980200000000008
0.055625760816275918,-0.3077674140989492,-0.34162233264049097,0.25170506957744232,-0.6304807369694051,-0.3107864049416238,0.0013500000000000001,-0.019633000000000001,0.0014759999999999999,-0.99980499999999994
0.066578735813462658,-0.31093487665039893,-0.33428848221178531,0.24055052456572007,-0.63083698935264054,-0.31846295226459514,0.0014829999999999999,-0.019581999999999999,0.001511,-0.99980599999999997
0.077257209847260505,-0.31395877608848966,-0.32736955117464622,0.22967274453812908,-0.63116571186623993,-0.32570828703462062,0.0014339999999999999,-0.019596000000000002,0.001552,-0.99980599999999997
0.08729277386861703,-0.31678358394483225,-0.32093913594401408,0.21945631188323075,-0.63146707827886661,-0.33244399596554475,0.0013339999999999999,-0.019230000000000001,0.001384,-0.99981299999999995
0.096977376212524918,-0.31944217654460344,-0.3148707713060685,0.20959960625040319,-0.63177526547160923,-0.33879264713401297,0.0014009999999999999,-0.019771,0.0015300000000000001,-0.99980200000000008
0.10613132254577171,-0.32187590231265362,-0.30913655793766659,0.20029268166236749,-0.63214445500734151,-0.34476608017231392,0.0013810000000000001,-0.019816,0.0015199999999999999,-0.99980200000000008
0.11492680062771579,-0.32416536095443893,-0.30374926371683642,0.19135209057373226,-0.63250335435306693,-0.35037401257134415,0.001384,-0.019793000000000002,0.0014609999999999998,-0.99980200000000008
0.12315471267383279,-0.32637985402997183,-0.29880169141617585,0.18299298371207931,-0.63273674108584765,-0.35555752717779754,0.0016120000000000002,-0.018502000000000001,0.001596,-0.99982599999999999
0.13126802566283963,-0.32843703658011986,-0.2940605568187894,0.17475080790846539,-0.63303928702478496,-0.36049696391956876,0.00133,-0.019811000000000002,0.0012999999999999999,-0.99980200000000008
0.13886845766510994,-0.33036163357217407,-0.28962133575679566,0.16703714541304873,-0.6333264362197214,-0.36512194489237143,0.0013039999999999998,-0.019527000000000003,0.0013680000000000001,-0.99980800000000003
0.14602192429760938,-0.33215825689850026,-0.28542378761390613,0.15978372235663935,-0.63362198540705172,-0.36948929120049168,0.0013760000000000001,-0.019879000000000001,0.00141,-0.99980100000000005
0.15302378250526469,-0.33384353100976732,-0.28145935821149054,0.15268363701680321,-0.63392774401412955,-0.37360318167505724,0.0013929999999999999,-0.019594,0.001433,-0.99980599999999997
0.15931400729536752,-0.33567744291473567,-0.27795485538733627,0.14629387024961207,-0.63388227155512855,-0.37735445708062659,0.0016120000000000002,-0.019979,0.0014920000000000001,-0.99979799999999996
0.16621621875361139,-0.33728035486308472,-0.27442597155565474,0.13928002202571457,-0.63410281055338369,-0.38103050299047853,0.0014869999999999998,-0.019893999999999998,0.0015590000000000001,-0.99980000000000002
0.17072695622646011,-0.33911464236419026,-0.27144724485767269,0.13472872671330238,-0.63376059597147516,-0.38433849635961831,0.001402,-0.019869000000000001,0.0016570000000000001,-0.99980000000000002
0.17683832044693901,-0.34057048408016893,-0.26835474953788208,0.12852180195822635,-0.63391328145787096,-0.3875774043582742,0.0014580000000000001,-0.019765999999999999,0.0015499999999999999,-0.99980200000000008
0.18271677463376368,-0.34193598807825293,-0.26544408525836516,0.12255267228186389,-0.63407031689240123,-0.39062055669709722,0.0015539999999999998,-0.019772999999999999,0.001536,-0.99980200000000008
0.18762120684904426,-0.34342529520042347,-0.26286112726716954,0.11757435708855513,-0.63393319763555045,-0.39342894733453904,0.0015789999999999999,-0.018405999999999999,0.0016789999999999999,-0.99982800000000005
0.19284067952711248,-0.34466777234233004,-0.26030867539130337,0.11227627616777172,-0.63403624173857065,-0.39611269849254138,0.0014829999999999999,-0.019566,0.0014159999999999999,-0.999807
0.19795410733030391,-0.34578738390815228,-0.25788125588484734,0.10708877678412509,-0.63420166626084529,-0.39863872362175706,0.001341,-0.019441999999999997,0.00133,-0.99980900000000006
0.20259398374274992,-0.34693284537956148,-0.25565112350081587,0.10238033076652321,-0.63424346229509043,-0.4010033055687115,0.0016379999999999999,-0.019771,0.00132,-0.99980200000000008
0.20728109003780532,-0.34784530994741375,-0.25348859619354169,0.097630408740566679,-0.6344798390207651,-0.40322041801634234,0.001462,-0.020112999999999999,0.0014159999999999999,-0.99979599999999991
0.21165689153627001,-0.34883099459860245,-0.25148803791746555,0.093195057257664124,-0.63456999228231015,-0.40532083911938521,0.001536,-0.019737999999999999,0.001529,-0.99980300000000011
0.21587679843726273,-0.34966280215041567,-0.24958935294462234,0.088919578054490772,-0.63475754890460234,-0.40727564213810125,0.0013760000000000001,-0.019734000000000002,0.001387,-0.99980300000000011
0.21991382230885131,-0.35047122154419702,-0.24780432517555837,0.084831136297305321,-0.63491382506984018,-0.40912107404349835,0.001547,-0.019765000000000001,0.001439,-0.99980200000000008
0.22377340789806147,-0.3512638710832357,-0.24612607517744983,0.080923446810159741,-0.63503469954338732,-0.41086609922064249,0.0012949999999999999,-0.020056999999999998,0.0015269999999999999,-0.99979699999999994
0.2260314932895455,-0.35267308867216862,-0.24471436146684791,0.078633568584807884,-0.63439125050001544,-0.41263027274761471,0.0013570000000000001,-0.019663999999999997,0.001457,-0.99980499999999994
0.22959370653014874,-0.35339192964366478,-0.24321652072651082,0.075027652919115687,-0.63449673762188585,-0.41418862613061463,0.0013339999999999999,-0.020002000000000002,0.001457,-0.99979799999999996
0.23167828310764924,-0.35470843882381142,-0.24194377014256505,0.072910031461844438,-0.63388000640864806,-0.41579655020912049,0.001395,-0.019774,0.0015319999999999999,-0.99980200000000008
0.23490152545960286,-0.35534446837093842,-0.24061682665902012,0.069645684582722023,-0.63398054846052365,-0.417174946417114,0.001356,-0.019525000000000001,0.0015380000000000001,-0.999807
0.2380598922397647,-0.35598951652852612,-0.23935606526741976,0.066450009318790249,-0.63404297020264266,-0.41849684661662678,0.0015920000000000001,-0.018553999999999998,0.001771,-0.99982499999999996
0.23993529691591811,-0.35724564245688095,-0.23827424692489835,0.064543526784627075,-0.63339837094211138,-0.41991098319851689,0.0014519999999999999,-0.019755000000000002,0.001505,-0.99980300000000011
0.24276199043791877,-0.3577724495660301,-0.23716442841638977,0.061680797653363151,-0.6334967928152262,-0.42105804261637142,0.001405,-0.019818000000000002,0.0013500000000000001,-0.99980200000000008
0.24520681642927195,-0.35880207286330146,-0.23590446093973255,0.059233931351873798,-0.63317093024411042,-0.42254931817585745,0.0013259999999999999,-0.019980000000000001,0.001474,-0.99979799999999996
0.24714543177579226,-0.35991824154147795,-0.23469904991075238,0.057293797836952688,-0.63272297659854781,-0.42403781160413617,0.001474,-0.019671999999999999,0.0015349999999999999,-0.99980400000000014
0.24934639422398783,-0.360912528319838,-0.2335542084601249,0.055090023417971694,-0.63237601874855365,-0.42541741191153798,0.0017489999999999999,-0.018596000000000001,0.001604,-0.99982399999999994
0.25174750372102778,-0.36180937874230423,-0.23244993060940125,0.052688689217619003,-0.63211226495334183,-0.4267179997669196,0.0014649999999999999,-0.019941999999999998,0.0014349999999999999,-0.99979899999999999
0.25404037103756644,-0.3626860538042091,-0.23140607204571526,0.050394282064274334,-0.6318391268772392,-0.42795823921493314,0.0016510000000000001,-0.018508,0.0017030000000000001,-0.99982599999999999
0.25617238533902131,-0.36352470584144736,-0.23045072564010119,0.048254839243399204,-0.63155894579233307,-0.42910583707003241,0.001474,-0.019879000000000001,0.00149,-0.99980000000000002
0.25805815393340198,-0.36442603252824451,-0.22947919963224403,0.046368040215100215,-0.63122027184007445,-0.43030201324178585,0.001351,-0.019961000000000003,0.0015630000000000002,-0.99979899999999999
0.26015967066806367,-0.36516853006369387,-0.22861746633165422,0.044259834704927142,-0.63099111122155294,-0.43132818555333741,0.0015070000000000001,-0.01985,0.0015759999999999999,-0.99980100000000005
0.26222411697791592,-0.36594168784316344,-0.2277504055844983,0.042195688654479389,-0.63073565172350865,-0.43237408303855102,0.001524,-0.020111,0.0015199999999999999,-0.9997950000000001
0.26416625238668923,-0.36671360720196405,-0.22691246537519857,0.040254495231648577,-0.63046580437266708,-0.43339688241432639,0.001518,-0.019758000000000001,0.001627,-0.99980200000000008
0.26622862069989328,-0.36738961814467097,-0.22612883010559046,0.038194648551701738,-0.63026695303078462,-0.43432983613775211,0.0015429999999999999,-0.02002,0.0015949999999999998,-0.99979699999999994
0.26805991925761091,-0.36815341912055566,-0.2253689387737334,0.036365292565554513,-0.62996797136951199,-0.43528072810512658,0.0015100000000000001,-0.019906999999999998,0.001433,-0.99980000000000002
0.26980668791118156,-0.36889988208068131,-0.22463483021033975,0.034621206771188601,-0.62967239740860392,-0.43620454477167336,0.0013830000000000001,-0.019722,0.0014990000000000001,-0.99980300000000011
0.27176423092941449,-0.36951909647988229,-0.22394906275572715,0.032669665333527304,-0.6294825793347153,-0.43702982771185844,0.0015330000000000001,-0.019824999999999999,0.0014990000000000001,-0.99980100000000005
0.27364377115182703,-0.37008864101349143,-0.22330964881742579,0.030795360473518121,-0.62931688064793645,-0.43779557620027071,0.0014419999999999999,-0.019994000000000001,0.001389,-0.99979799999999996
0.27536727446900744,-0.370685036793791,-0.22272437303215037,0.02907272557027242,-0.62909654713394791,-0.43852419454742658,0.001493,-0.020086,0.0016120000000000002,-0.99979599999999991
0.27708938482564494,-0.37126865051630165,-0.22214575872486705,0.02735520762956355,-0.62888650703050752,-0.43924349184740313,0.001518,-0.019606999999999999,0.0015039999999999999,-0.99980599999999997
0.27871254428390951,-0.37184770271399342,-0.22158342936725872,0.025736996783675376,-0.62867134268235514,-0.43994958626855873,0.00141,-0.01984,0.0015089999999999999,-0.99980100000000005
0.2806445974935029,-0.37226730003929892,-0.22100586532773886,0.02382494721808109,-0.62862296622105363,-0.44060578954099688,0.001537,-0.018371000000000002,0.0017289999999999999,-0.99982900000000008
0.28184832326815679,-0.37227925067014889,-0.22065106982758342,0.022622901805163922,-0.62881844936097231,-0.44091076901787529,0.001431,-0.020011000000000001,0.0016440000000000001,-0.99979699999999994
0.28304198644577205,-0.37233349532132759,-0.2203218876619111,0.021429429354060756,-0.62896402468922519,-0.44120792800039899,0.001431,-0.019633000000000001,0.001583,-0.99980499999999994
0.28415392364309949,-0.3723376613694615,-0.22000860868553926,0.020319967193293112,-0.62914534424604673,-0.44147414980079658,0.001583,-0.019452000000000001,0.0015609999999999999,-0.99980800000000003
0.28536443587788979,-0.37230699806420792,-0.21965888200078648,0.019122677389588873,-0.62938014556511868,-0.44176276470053288,0.001407,-0.019477000000000001,0.0016050000000000001,-0.99980800000000003
0.28629460718809097,-0.37225208794530507,-0.21938964904697442,0.018197274194685059,-0.62958745717694997,-0.44197217485109919,0.001456,-0.019661000000000001,0.0015460000000000001,-0.99980400000000014
0.28732757948775828,-0.3722916059956925,-0.21912991824477512,0.017166201181637017,-0.62971101691651776,-0.44220401566678191,0.0016079999999999998,-0.018412999999999999,0.0017769999999999999,-0.99982800000000005
0.28836109278951588,-0.37235933832180318,-0.21888525780920237,0.016134704508335158,-0.62980214298890624,-0.44243303789430583,0.0013849999999999999,-0.019921999999999999,0.001696,-0.99979899999999999
0.28944430187028908,-0.37231087649933142,-0.21859660965471317,0.015067876198288935,-0.63002279981647513,-0.44266344035464478,0.001418,-0.019933000000000003,0.0016170000000000002,-0.99979899999999999
0.29042492675278148,-0.37238385669716201,-0.21837439698175837,0.014090432579789345,-0.6300982735629358,-0.44287547241290764,0.0012949999999999999,-0.019667,0.0015279999999999998,-0.99980499999999994
0.29132712542121647,-0.37241033521179534,-0.21817025909021098,0.013193215536670237,-0.63020447747754615,-0.44305613730739069,0.0013810000000000001,-0.019481000000000002,0.0015529999999999999,-0.99980800000000003
0.29204598661126152,-0.37233442509357156,-0.21798400372785673,0.012481709704685855,-0.63038725898878623,-0.44318753100118619,0.001428,-0.020033000000000002,0.0015380000000000001,-0.99979699999999994
0.29277738817757243,-0.3723100307435534,-0.21781770064228406,0.011754628087820339,-0.6305155309092273,-0.44331778092695667,0.0013929999999999999,-0.019806000000000001,0.0014550000000000001,-0.99980200000000008
0.29359699710360632,-0.37235639776101798,-0.21764894908800703,0.010939531055801555,-0.63058570658355328,-0.4434749632610675,0.001456,-0.019515999999999999,0.0015689999999999999,-0.999807
0.29441815125771642,-0.37241971519911971,-0.21748798343282821,0.01012333975060513,-0.63063712894626733,-0.44363188276498905,0.001433,-0.019778,0.001505,-0.99980200000000008
0.29522821469318367,-0.37250321821220866,-0.21733780780993101,0.0093178557202150195,-0.63066483518874084,-0.44378673471481994,0.0013270000000000001,-0.019428999999999998,0.0014159999999999999,-0.99980900000000006
0.29600020310854014,-0.37256421632168107,-0.21719839502948193,0.0085515285364854803,-0.63070667581480055,-0.44392475423595312,0.001302,-0.020069999999999998,0.001549,-0.99979699999999994
0.29661609386609811,-0.37252789869120539,-0.21707499637851518,0.0079426694763774074,-0.63082277834152722,-0.4440158456093744,0.0015319999999999999,-0.019712999999999998,0.0015269999999999999,-0.99980300000000011
0.29723491174053729,-0.37251019515175465,-0.21695987656846807,0.0073308279173758244,-0.63091863497258072,-0.44410637798995384,0.001565,-0.018408000000000001,0.0018569999999999999,-0.99982800000000005
0.2977964518698733,-0.37253648250360732,-0.21686859305695894,0.006770917697076894,-0.63096083203388564,-0.44418907688238241,0.0014920000000000001,-0.019569,0.0014679999999999999,-0.99980599999999997
0.29841246771927471,-0.37256752699621248,-0.21676792805108178,0.0061599015460140124,-0.63100659981478313,-0.4442832383600735,0.0013500000000000001,-0.019741999999999999,0.0016170000000000002,-0.99980300000000011
0.29902456733494331,-0.3726030591962019,-0.2166721594999457,0.0055535401516200317,-0.63104613867827319,-0.44437533222747538,0.0014220000000000001,-0.019847999999999998,0.0015100000000000001,-0.99980100000000005
0.29986674308933164,-0.37262333817182541,-0.21653234089284445,0.0047320510577629586,-0.63113299491142816,-0.44450696048517313,0.0013210000000000001,-0.019639,0.001495,-0.99980499999999994
0.30066600234201041,-0.37262033161475216,-0.21640205678859348,0.003954482277567152,-0.63123517329392109,-0.44462279249655778,0.001457,-0.019517,0.001573,-0.999807
0.30140670074723519,-0.37262535552191228,-0.21628821770107085,0.0032330618518027158,-0.63131991836697043,-0.44472661392286905,0.001593,-0.018536,0.0016379999999999999,-0.99982599999999999
0.30212075726323689,-0.37260503607373785,-0.21617986590216601,0.002540185430385377,-0.63142436855027795,-0.44481799624419521,0.0013599999999999999,-0.019819999999999997,0.0013849999999999999,-0.99980200000000008
0.30279557881346286,-0.37257967940892062,-0.2160811900306665,0.0018860565729763128,-0.63152753315956534,-0.44489930691643886,0.0015009999999999999,-0.019719,0.0013650000000000001,-0.99980300000000011
0.3034408002341607,-0.37254285056082581,-0.21598937754265884,0.0012620255593344121,-0.63163698208701757,-0.44497124368554269,0.0014039999999999999,-0.019961000000000003,0.0014519999999999999,-0.99979899999999999
0.30357799981405753,-0.37256630110338002,-0.21597612018352996,0.0011179067550449191,-0.63162628025900358,-0.44498211731263215,0.0013599999999999999,-0.019588999999999999,0.0014960000000000002,-0.99980599999999997
0.30407245244080461,-0.37277554840150029,-0.21590398155169468,0.00062860834271002801,-0.63149242255510596,-0.44512275909043486,0.001438,-0.019814999999999999,0.0014170000000000001,-0.99980200000000008
0.30460714503620379,-0.37273865185860722,-0.21583965371674371,0.00011215664909778982,-0.63158368892504135,-0.44517179323310491,0.001338,-0.019338999999999999,0.0013749999999999999,-0.99981100000000001
0.30509373606255757,-0.37267529059702403,-0.21577962716001045,-0.00035539075593614758,-0.63169504830791245,-0.44520905878213934,0.0014400000000000001,-0.019784,0.0015529999999999999,-0.99980200000000008
0.30517675461379146,-0.37261825976783886,-0.21576084810596971,-0.00043832788550103065,-0.6317593941658316,-0.44520393077489245,0.0013570000000000001,-0.019491000000000001,0.001518,-0.99980800000000003
0.3056635938130649,-0.37256538958134344,-0.21570872187768517,-0.00090571347734962407,-0.63185821406062848,-0.44523907248257533,0.0013079999999999999,-0.019481999999999999,0.0015499999999999999,-0.99980800000000003
0.30603425943440976,-0.37247854211446679,-0.21566490096239838,-0.0012592250376636163,-0.63197819230498087,-0.44525521006160002,0.0013090000000000001,-0.019417,0.0014759999999999999,-0.99981000000000009
0.30609576744336769,-0.37242707860553542,-0.21565101943034837,-0.0013200184939768829,-0.63203449614063512,-0.44524921714403709,0.0016069999999999999,-0.019550000000000001,0.001413,-0.999807
0.30651211745000578,-0.37238148277972144,-0.21561592298540294,-0.0017194407172008309,-0.63211549321999405,-0.44527255193002491,0.0012929999999999999,-0.019774,0.0015460000000000001,-0.99980200000000008
0.30648537476216814,-0.37230734029308676,-0.21560239438571779,-0.0016931934035571781,-0.63218814598534911,-0.44525907035851992,0.0012779999999999998,-0.019399,0.0014759999999999999,-0.99981000000000009
0.30668558144378044,-0.37221270561431902,-0.21557846718253965,-0.001879965244233511,-0.63229777715989777,-0.44525784952552522,0.001206,-0.019599000000000002,0.0014550000000000001,-0.99980599999999997
0.3067309701032086,-0.37206056001353233,-0.21554672234777353,-0.0019126413561758506,-0.63245546027384814,-0.44524794743970503,0.0013369999999999999,-0.019602999999999999,0.0013830000000000001,-0.99980599999999997
0.30680796782097369,-0.37203035168404541,-0.21554002473801995,-0.0019877196756957899,-0.63249033043667968,-0.44524441332357351,0.001206,-0.019377000000000002,0.0014920000000000001,-0.99981000000000009
0.30694578344562917,-0.37192167708533708,-0.21551918807957315,-0.0021121883727373923,-0.6326085733068022,-0.44523981972273258,0.001341,-0.019569,0.0014909999999999999,-0.999807
0.3069987269516134,-0.3717882842752489,-0.21549463243244868,-0.0021529577932939657,-0.63274682733264898,-0.44523218015196703,0.001307,-0.019782000000000001,0.001438,-0.99980300000000011
0.30709905597636861,-0.37167353436415279,-0.21547509804750442,-0.0022401654295644488,-0.63286841058039223,-0.44522747658866091,0.0012329999999999999,-0.019303000000000001,0.0014419999999999999,-0.99981200000000003
0.30718026862211456,-0.37155406721774592,-0.21545653725599834,-0.0023088127424739117,-0.63299321490840343,-0.4452204550768093,0.0012929999999999999,-0.019671000000000001,0.001637,-0.99980400000000014
0.30727916597672361,-0.37145304021111392,-0.21544328354095305,-0.0023957589368303559,-0.6330997574307704,-0.44521455388552988,0.001354,-0.019581999999999999,0.001598,-0.99980599999999997
0.30739124905557302,-0.37136037098548796,-0.21543341241976813,-0.0024958946366364773,-0.63319805153574238,-0.44520860133703033,0.001219,-0.019730000000000001,0.0016149999999999999,-0.99980300000000011
0.30750094859059823,-0.37127129483340054,-0.21542551509817065,-0.0025938004911272503,-0.63329222571064636,-0.44520302429778952,0.001163,-0.019684,0.0015529999999999999,-0.99980400000000014
0.30758904406049364,-0.37118198489270626,-0.21541824612884883,-0.0026708227887770122,-0.63338534589877526,-0.4451979179127365,0.0011900000000000001,-0.019739,0.0015140000000000002,-0.99980300000000011
0.30771416323073281,-0.37112729763195118,-0.21541931105078496,-0.0027855704857426373,-0.63344471891080412,-0.44519437379901849,0.001281,-0.019402000000000003,0.0015560000000000001,-0.99981000000000009
0.30784528414435774,-0.37116193268488074,-0.21542579631162989,-0.0029122315942741225,-0.63341651758267947,-0.44520263308475266,0.0011440000000000001,-0.019616999999999999,0.0014609999999999998,-0.99980599999999997
0.30787763950375741,-0.37109185660620109,-0.21542279948834117,-0.0029368036230206082,-0.6334875033937748,-0.44520031967080104,0.00131,-0.019349999999999999,0.001498,-0.99981100000000001
0.30787466715299761,-0.37101602432441111,-0.21541720164751404,-0.0029271237630081777,-0.63356345492261168,-0.44520004136141794,0.0013749999999999999,-0.019633999999999999,0.0016129999999999999,-0.99980499999999994
0.30796375717291724,-0.37098063949474347,-0.21542410617829211,-0.0030080859600682989,-0.6336008279838562,-0.4451981099680456,0.0013010000000000001,-0.019324999999999998,0.0014210000000000002,-0.99981100000000001
0.30798282599992816,-0.37092255507629451,-0.21542446345030328,-0.0030203634458310941,-0.63365914441084303,-0.44519945866682575,0.0012149999999999999,-0.019397999999999999,0.0016559999999999999,-0.99981000000000009
0.30796984168617958,-0.37086220613764015,-0.2154225104945344,-0.0030018872454885314,-0.63371933885639242,-0.44520254923249941,0.0012390000000000001,-0.0195,0.0014869999999999998,-0.99980800000000003
0.30792295223983523,-0.37079632727299272,-0.21541668226743246,-0.0029505936982774841,-0.6337851590996888,-0.44520995623375725,0.0013810000000000001,-0.019509000000000002,0.001572,-0.999807
0.30791115621108406,-0.37074725799738445,-0.21541731559824981,-0.0029340115030009146,-0.63383411553673197,-0.44521572816071803,0.0012369999999999998,-0.019446000000000001,0.0015510000000000001,-0.99980900000000006
0.30793087002507719,-0.37071090978364574,-0.21542374769558525,-0.0029481219772366195,-0.63387019756730734,-0.44522045065738447,0.0013240000000000001,-0.019627000000000002,0.0015770000000000001,-0.99980499999999994
0.30790305755847402,-0.37066869019978888,-0.21542434611078382,-0.0029166761200864685,-0.63391252295920153,-0.44523012940946627,0.0013259999999999999,-0.019362999999999998,0.001519,-0.99981000000000009
0.30788973131864567,-0.37063427815688743,-0.21542840871508545,-0.0028994065566024978,-0.63394687755411083,-0.44523937218786969,0.0012109999999999998,-0.019504000000000001,0.001405,-0.99980800000000003
0.30784467020375011,-0.37059478278656255,-0.21542800149181884,-0.0028519411293780276,-0.6339870323855975,-0.44525356551586326,0.001243,-0.019584000000000001,0.0014829999999999999,-0.99980599999999997
0.30780067269179812,-0.3705636762391718,-0.21542883432384954,-0.0028057856482711103,-0.63401897332946833,-0.44526853681355871,0.0012849999999999999,-0.019400000000000001,0.0014369999999999999,-0.99981000000000009
0.30773424872850108,-0.37053028226577484,-0.21542635880077241,-0.0027384474654001453,-0.63405410286685226,-0.44528868999371279,0.0012589999999999999,-0.019630999999999999,0.001403,-0.99980599999999997
0.30767153758286447,-0.37050229595610218,-0.21542527328022823,-0.002675043743579927,-0.63408396391486166,-0.44530946857557901,0.001364,-0.019542,0.0014829999999999999,-0.999807
0.30761954545879949,-0.37048205013225549,-0.21542679620828489,-0.0026221281123932549,-0.63410595908660605,-0.44532923684404413,0.0016050000000000001,-0.019113999999999999,0.0013859999999999999,-0.99981500000000001
0.30753642248217589,-0.37046158747754915,-0.21542243024220006,-0.0025397813364454926,-0.6341300836217455,-0.44535556414473165,0.0014550000000000001,-0.019702000000000001,0.0014829999999999999,-0.99980400000000014
0.30744960347075662,-0.37044569305275649,-0.21541745651726663,-0.0024541906466343149,-0.63415034337804788,-0.44538394981663748,0.001354,-0.019566,0.001516,-0.99980599999999997
0.30736682496369205,-0.37043495869299381,-0.21541355268693504,-0.0023726334541464512,-0.63416566696444832,-0.44541285282141824,0.0013160000000000001,-0.019514,0.0014550000000000001,-0.99980800000000003
0.30727887291161771,-0.37042869157609826,-0.21540797774380982,-0.0022863126726655044,-0.63417753800088961,-0.44544364388219226,0.001374,-0.018294000000000001,0.001593,-0.99982999999999989
0.30717354729842555,-0.3704267275738069,-0.21539599352102051,-0.0021831566332067881,-0.63418764738552702,-0.44547734836315844,0.001119,-0.019224000000000002,0.0012149999999999999,-0.99981399999999998
0.30706439178377137,-0.37042731874857471,-0.21538313907979462,-0.002076698350073387,-0.63419613791267182,-0.44551423728110234,0.0013060000000000001,-0.018233000000000003,0.0015300000000000001,-0.99983199999999994
0.30695951306369657,-0.37042960897833865,-0.21537329823433959,-0.0019751216552547522,-0.63420265044280721,-0.44555365825527776,0.0013650000000000001,-0.018313999999999997,0.0015119999999999999,-0.99982999999999989
0.30684193071367011,-0.37043570586072405,-0.21535639064867867,-0.0018608391883119142,-0.63420824643001938,-0.44559518409085452,0.0011949999999999999,-0.019951,0.00131,-0.99979899999999999
0.3067208454673549,-0.37044346033345571,-0.21534051038595109,-0.0017443717497426124,-0.63421271639276644,-0.44564163536362955,0.00133,-0.019318999999999999,0.001196,-0.99981200000000003
0.30660922893889347,-0.37045597099092387,-0.21532132429809731,-0.0016352638268504653,-0.63421349013555361,-0.44568328920865202,0.0013849999999999999,-0.019688000000000001,0.0012769999999999999,-0.99980400000000014
0.30648267640689109,-0.3704701208610815,-0.21530077818986498,-0.0015136931272804028,-0.63421445615441163,-0.44573415562840329,0.0014369999999999999,-0.019379,0.0013519999999999999,-0.99981000000000009
0.30635373638925978,-0.37048630988060782,-0.21527792840507498,-0.0013899835019060792,-0.63421487995334647,-0.44578699694738949,0.001464,-0.019290999999999999,0.001353,-0.99981200000000003
0.30622825007736765,-0.37050600050062577,-0.21525600045063384,-0.0012699977885231107,-0.63421207006419766,-0.44584146954151976,0.001451,-0.019338999999999999,0.0013859999999999999,-0.99981100000000001
0.30610836485926907,-0.37052668734229555,-0.21523046118960201,-0.0011538665201245636,-0.63420965007150965,-0.44589297477806694,0.0012819999999999999,-0.019396,0.001158,-0.99981000000000009
0.30598348031649014,-0.37054999868581312,-0.21520335060764659,-0.0010338461568673717,-0.63420613089996525,-0.44594911992666386,0.001397,-0.019380000000000001,0.0012359999999999999,-0.99981000000000009
0.30585318917582915,-0.37057744492382133,-0.21517682177748798,-0.00091025766426641882,-0.63419945819602852,-0.44601136252531542,0.001444,-0.018308000000000001,0.001428,-0.99982999999999989
0.30571901158093856,-0.37060460635701498,-0.21514303665479284,-0.00078195444241796973,-0.63419628221648972,-0.44607478107931625,0.00141,-0.019694999999999997,0.001335,-0.99980400000000014
0.30556617470670899,-0.37064361413063129,-0.21511665275402503,-0.00064168195664386857,-0.63418071418082367,-0.44615528037584506,0.0015590000000000001,-0.018338,0.0015269999999999999,-0.99982900000000008
0.30543160734759228,-0.37067443181316145,-0.21507879972208155,-0.00051327513598016625,-0.63417679732862842,-0.4462229069574673,0.001366,-0.019174,0.0012589999999999999,-0.99981500000000001
0.30529377587628281,-0.37070775482421048,-0.21503874946290452,-0.00038245881074191438,-0.63417218078044058,-0.44629452279395282,0.0014890000000000001,-0.019150999999999998,0.001315,-0.99981500000000001
0.30516561251256258,-0.37073914462197044,-0.21499606961761381,-0.00025899979025395515,-0.63417023914039716,-0.44636201381689644,0.0014119999999999998,-0.019480000000000001,0.001405,-0.99980800000000003
0.30501688957908729,-0.37077967527057049,-0.2149513703204064,-0.00012003035421324828,-0.63416263795818584,-0.44644479194704423,0.001485,-0.019328000000000001,0.0012460000000000001,-0.99981100000000001
0.30487155085691203,-0.37082133857799887,-0.21490513700709615,1.5934853138912164e-05,-0.63415502538141277,-0.44652802814265313,0.0015740000000000001,-0.019305000000000003,0.001183,-0.99981200000000003
0.30473829847172806,-0.37085450845611839,-0.21485049404526027,0.00014478096018077078,-0.63415827390884405,-0.44660332611986081,0.001428,-0.019368,0.0013079999999999999,-0.99981100000000001
0.30459393803361517,-0.3708970116375363,-0.21479663309685676,0.00028056879405587588,-0.63415417174890099,-0.44668986899691621,0.001415,-0.019214999999999999,0.001263,-0.99981399999999998
0.30445806240435436,-0.3709380659183773,-0.21474185696438805,0.00040950746347551917,-0.63415182731676811,-0.44677344662357577,0.0013439999999999999,-0.019280000000000002,0.0012460000000000001,-0.99981200000000003
0.3043292764331742,-0.3709773401145498,-0.21468497868770273,0.00053299755303912687,-0.63415205608839109,-0.44685483238531465,0.0015169999999999999,-0.019383000000000001,0.0012750000000000001,-0.99981000000000009
0.30419750027979026,-0.37101502619172994,-0.21462039751085493,0.00066002277114286334,-0.63415779233333036,-0.4469394673253379,0.0014140000000000001,-0.019356999999999999,0.001418,-0.99981100000000001
0.30405676637219997,-0.37106265547524098,-0.21455690540939445,0.00079209210612862931,-0.63415537577244208,-0.44703434323854857,0.0014789999999999998,-0.019112999999999998,0.001402,-0.99981500000000001
0.3039178001522887,-0.37111500202184983,-0.21449578425832677,0.00092112388721104338,-0.63414809924349225,-0.44713174303039321,0.001472,-0.019463999999999999,0.0014550000000000001,-0.99980800000000003
0.30377797684051583,-0.37117027754335474,-0.21443299075715955,0.0010501720294935838,-0.6341395570591799,-0.44723269965537288,0.001467,-0.019608,0.0014400000000000001,-0.99980599999999997
0.30364514456466207,-0.37121616368354132,-0.21436007452317971,0.0011760549868705017,-0.63414422454648867,-0.44732998762850762,0.0015770000000000001,-0.019625,0.0014519999999999999,-0.99980499999999994
0.30351776078354714,-0.37125599191762887,-0.21428034324290424,0.0012991362944746107,-0.63415763346108212,-0.44742520145071712,0.001433,-0.019202,0.0014960000000000002,-0.99981299999999995
0.3033841330553842,-0.37130716959910537,-0.21420372117658332,0.0014243234732874638,-0.6341605712251952,-0.44752949499669809,0.0015900000000000001,-0.019436000000000002,0.0014060000000000001,-0.99980900000000006
0.30326534718790449,-0.37134535750394621,-0.21412045552631609,0.0015402991593909865,-0.63417773039793979,-0.44762449988487463,0.001544,-0.019308000000000002,0.001395,-0.99981100000000001
0.3031443003637796,-0.37139207328797252,-0.21403965332799457,0.0016556760647531011,-0.63418700863838007,-0.44772574848268304,0.0014759999999999999,-0.019667,0.001472,-0.99980400000000014
0.30301224603112598,-0.37145368673685381,-0.21396152099947316,0.0017764480850621636,-0.63418292977703805,-0.44783947195986584,0.001413,-0.018869999999999998,0.0013960000000000001,-0.99982000000000004
0.30289442872950534,-0.37149961526105568,-0.21387276712393907,0.0018891201510745097,-0.63419783828884491,-0.44794496029699143,0.001493,-0.019355000000000001,0.0015590000000000001,-0.99981000000000009
0.30276070817269413,-0.37156717417622709,-0.2137883948034579,0.0020099152899430489,-0.63419272495710588,-0.44806756978836199,0.0014060000000000001,-0.018986000000000003,0.001536,-0.99981799999999998
0.30265076142460212,-0.37160938995538745,-0.21369436978450618,0.0021164834146357881,-0.63421416251797358,-0.44817268697141804,0.0013830000000000001,-0.019047000000000001,0.0015,-0.99981699999999996
0.30253762790099964,-0.37165505339482707,-0.2135971895400075,0.0022247606188162076,-0.63423488825531538,-0.44828325343045233,0.0014880000000000002,-0.019338000000000001,0.0015279999999999998,-0.99981100000000001
0.3024258144451818,-0.37170395159332731,-0.21349928010101998,0.0023308698047678472,-0.63425374789908584,-0.44839690496370921,0.001565,-0.019380999999999999,0.001689,-0.99981000000000009
0.30231765526823468,-0.37175146000357917,-0.21339881493108509,0.0024339950081029241,-0.6342754989828554,-0.44851082439549667,0.0015009999999999999,-0.019359000000000001,0.001493,-0.99981000000000009
0.30222136733322635,-0.37179072110491312,-0.2132961216448169,0.0025288243954491689,-0.63430555013375001,-0.44861843550002944,0.001513,-0.018961000000000002,0.0015869999999999999,-0.99981799999999998
0.30212298365911633,-0.37183593183124347,-0.21319234405900833,0.0026235835065656909,-0.63433177819683484,-0.44873194423450985,0.00156,-0.019247999999999998,0.0014349999999999999,-0.99981299999999995
0.30202971653003258,-0.37188124241582404,-0.21308948840468664,0.0027134311274529203,-0.63435773417981289,-0.44884451447354651,0.001475,-0.019259000000000002,0.0015989999999999999,-0.99981200000000003
0.30192938332800351,-0.37193541333571584,-0.2129834194930236,0.0028068133115816806,-0.63437869073545039,-0.4489671204975334,0.001477,-0.019265999999999998,0.0014660000000000001,-0.99981200000000003
0.30183642242644021,-0.37198503649882314,-0.2128758253839485,0.00289455851965149,-0.63440458130797073,-0.44908655079080279,0.0014039999999999999,-0.019359000000000001,0.0016260000000000001,-0.99981000000000009
0.30175253137573232,-0.37203740418672254,-0.212779333682103,0.0029730143837161786,-0.63442202854446583,-0.44919962191735702,0.0015429999999999999,-0.019028,0.0016600000000000002,-0.99981600000000004
0.3016661489220841,-0.37208505980143436,-0.21266608862110001,0.0030548831214663357,-0.63445359928917144,-0.44932099349074078,0.0016829999999999998,-0.019116000000000001,0.001637,-0.99981500000000001
0.30158126014832043,-0.37214090409404299,-0.21256069432168739,0.0031327352291194259,-0.63447422123661412,-0.44944314583300332,0.001639,-0.019021,0.001637,-0.99981600000000004
0.30151019399149898,-0.37218497295938657,-0.21245477501403309,0.0032014039627675864,-0.63450509830420598,-0.44955538116382415,0.0016719999999999999,-0.019309,0.0016100000000000001,-0.99981100000000001
0.30143240593532022,-0.37223731863127252,-0.21234250052803927,0.0032734845269437396,-0.63453346730330729,-0.44967907438252352,0.0016570000000000001,-0.019305000000000003,0.0016379999999999999,-0.99981100000000001
0.30136183252867266,-0.37229324303920108,-0.2122411390405794,0.0033379604725888665,-0.63455276326641497,-0.44979721288993718,0.001531,-0.019163999999999997,0.001531,-0.99981399999999998
0.30129198435139604,-0.37234254062481403,-0.21212424098725194,0.0034034626613495536,-0.63458722298396564,-0.44992120782024092,0.001575,-0.019459000000000001,0.001611,-0.99980800000000003
0.30123035674463222,-0.37238820622339758,-0.21201223512210737,0.0034625188329765744,-0.63462201935611384,-0.45003832784798392,0.001627,-0.019303999999999998,0.0016179999999999999,-0.99981100000000001
0.30116653780069325,-0.37244170644884456,-0.21189957383833236,0.0035209001741849742,-0.63465134986373595,-0.45016205360670464,0.0014880000000000002,-0.019077,0.0014939999999999999,-0.99981600000000004
0.30111307119776837,-0.3724902937201689,-0.21179519274626382,0.0035712308468216691,-0.63467995003542332,-0.45027540198147953,0.0016460000000000001,-0.018874000000000002,0.0014759999999999999,-0.99981900000000001
0.30106028674598462,-0.37253905332500747,-0.21168404688944165,0.0036205068896221293,-0.63471300482941029,-0.45039363696411927,0.0015770000000000001,-0.019206999999999998,0.0014430000000000001,-0.99981299999999995
0.30101634207341005,-0.37258171239044535,-0.21158007628635542,0.003663404822310732,-0.63474681353125528,-0.45050154099119083,0.001835,-0.019183000000000002,0.0016510000000000001,-0.99981299999999995
0.3009707874417038,-0.37262879680509348,-0.21147086307507754,0.0037058460561655866,-0.63478077050123927,-0.45061660705872852,0.0016570000000000001,-0.019428000000000001,0.001547,-0.99980900000000006
0.30092833491057075,-0.37267354042939921,-0.21136187128798323,0.0037457117669045105,-0.63481675132963433,-0.45072951601202266,0.0018339999999999999,-0.019382,0.0016199999999999999,-0.99980900000000006
0.30089248367412308,-0.37271828439340104,-0.21126414290902229,0.0037794417030264905,-0.63484609415846405,-0.45083396444613455,0.0015410000000000001,-0.019387000000000001,0.0016379999999999999,-0.99981000000000009
0.30085842558389092,-0.37276454018196276,-0.21116742924823831,0.003810688713961877,-0.6348739808332623,-0.45093866986914549,0.0017510000000000002,-0.01891,0.0015920000000000001,-0.99981799999999998
0.30082454101400635,-0.3728118248319251,-0.21106617027722591,0.0038408890320346918,-0.63490430060783387,-0.45104730225341177,0.0016440000000000001,-0.01941,0.0015460000000000001,-0.99980900000000006
0.30079315954903818,-0.37285924416935745,-0.21096709265775032,0.0038684677951416357,-0.63493351810058807,-0.45115426520739421,0.0018059999999999999,-0.019296999999999998,0.0016850000000000001,-0.99981100000000001
0.30076469902968195,-0.37290888778231829,-0.21087452051663011,0.0038924755281899287,-0.63495726543396647,-0.45125803475831405,0.0016920000000000001,-0.01899,0.001516,-0.99981699999999996
0.30074131512433183,-0.37295361481567368,-0.21078251745578833,0.0039132080902816602,-0.63498489571184324,-0.45135737193329606,0.001689,-0.019566999999999998,0.0016249999999999999,-0.99980599999999997
0.30072042413717343,-0.37299338890283895,-0.21068603000333697,0.0039327422012433132,-0.63501955980475555,-0.45145595754706158,0.0016690000000000001,-0.019249000000000002,0.0016620000000000001,-0.99981200000000003
0.30070185533712218,-0.37304015892565862,-0.21060215140601207,0.0039480385099451365,-0.63504117267674354,-0.45155065601960837,0.0016429999999999999,-0.019185000000000001,0.0016510000000000001,-0.99981299999999995
0.30068400833261866,-0.37308459694230334,-0.2105123690171555,0.0039628079321502412,-0.63506878135892753,-0.4516476207295817,0.0017620000000000001,-0.019368,0.001609,-0.99981000000000009
0.30067131216715981,-0.37312684021130549,-0.21042867811061525,0.0039736793490961937,-0.63509458857895473,-0.45173832675383291,0.0016570000000000001,-0.019223000000000001,0.001516,-0.99981299999999995
0.30066031329645609,-0.37316727310018721,-0.21034517538716185,0.0039832020179406454,-0.63512201468446405,-0.45182735329584583,0.001689,-0.019441,0.001562,-0.99980800000000003
0.300651803381075,-0.37320956212100875,-0.21026468449432659,0.0039896521742009763,-0.63514655095579819,-0.45191542565060555,0.0017469999999999999,-0.019796000000000001,0.0016069999999999999,-0.99980100000000005
0.30064474894948612,-0.37325053374927281,-0.21018123897898519,0.0039946058764043103,-0.63517445342882728,-0.45200436146483708,0.0017620000000000001,-0.019328000000000001,0.001462,-0.99981100000000001
0.3006381947942165,-0.3732985306320929,-0.21010607889379807,0.0039966356906230745,-0.63519204938983942,-0.45209261482872432,0.0016659999999999999,-0.019706000000000001,0.0015400000000000001,-0.99980300000000011
0.30063704708831479,-0.37333418407389757,-0.21002693836643604,0.0039975228786815814,-0.63522193970618257,-0.45217407603974774,0.001652,-0.019071999999999999,0.0016920000000000001,-0.99981500000000001
0.30063655637301534,-0.3733732643136598,-0.20995109464072195,0.0039962344423411312,-0.63524756411865779,-0.45225560856993047,0.001529,-0.019206999999999998,0.0017640000000000002,-0.99981299999999995
0.30063515522510192,-0.37342340468857982,-0.20988387746256418,0.0039918085481083715,-0.63525972095094119,-0.452339334010531,0.0014449999999999999,-0.019471000000000002,0.0016850000000000001,-0.99980800000000003
0.30063919767597719,-0.37346380877563795,-0.20981672532226867,0.0039856252847447638,-0.63527949372354675,-0.45241542298913601,0.0015630000000000002,-0.019165999999999999,0.001652,-0.99981399999999998
0.30064401446953803,-0.37350568141755686,-0.20974823848716723,0.0039775048869182652,-0.63529963422198399,-0.45249326442812043,0.0016190000000000002,-0.019474999999999999,0.0017100000000000001,-0.99980800000000003
0.30064923535404531,-0.37355333220160158,-0.2096856500878343,0.0039666835654161067,-0.6353120842482467,-0.45257122200098654,0.001552,-0.019943000000000002,0.0016300000000000002,-0.99979899999999999
0.30065604799492929,-0.37360211654290293,-0.20962817860365385,0.0039538459800817372,-0.63532073666973288,-0.45264637315582856,0.0017579999999999998,-0.019140999999999998,0.0016600000000000002,-0.99981399999999998
0.30066713030898007,-0.37364381167984778,-0.20956872745434266,0.0039393057202180603,-0.63533636743079136,-0.45271723877860831,0.0016239999999999998,-0.019193999999999999,0.0017230000000000001,-0.99981299999999995
0.30067756401284518,-0.37369426766699104,-0.20951533769339634,0.0039218937862723364,-0.63534206130607918,-0.45279043862571511,0.0016300000000000002,-0.019122999999999998,0.001596,-0.99981500000000001
0.30069335698928751,-0.37373151689734396,-0.20946073160253048,0.0039043623286939325,-0.63535851871531379,-0.45285429505754632,0.00165,-0.019139,0.0016329999999999999,-0.99981399999999998
0.30071047197721201,-0.3737728547183648,-0.2094057707473749,0.0038834509470280659,-0.63537302775431814,-0.45292109832660271,0.0015070000000000001,-0.019175999999999999,0.0016609999999999999,-0.99981399999999998
0.30072996925536488,-0.37381239682387468,-0.20935208239954903,0.0038607933696322184,-0.63538851119745177,-0.45298544596959284,0.0016570000000000001,-0.019065000000000002,0.0014519999999999999,-0.99981600000000004
0.30075136163792637,-0.3738525705333462,-0.20930017794596792,0.0038358654015388334,-0.63540297137092883,-0.45304880668342012,0.001632,-0.018997999999999998,0.0015169999999999999,-0.99981699999999996
0.30077540651686885,-0.37389016064199676,-0.20924833614726576,0.0038091746614486253,-0.63541978802354926,-0.45310987775007044,0.0015679999999999999,-0.019592999999999999,0.001474,-0.99980599999999997
0.30080085673976292,-0.37393267832666199,-0.20920047225329627,0.0037790015758855499,-0.63543115518132187,-0.45317176479614379,0.0014789999999999998,-0.019296999999999998,0.0016379999999999999,-0.99981100000000001
0.3008293228309728,-0.37396959767676269,-0.20915175512277726,0.0037479927356860346,-0.63544754524364278,-0.45322969594515616,0.0015100000000000001,-0.019236000000000003,0.0015150000000000001,-0.99981299999999995
0.3008615256180977,-0.37400024831037043,-0.20909148630428245,0.0037141748835880471,-0.63547721118136857,-0.45328943756962081,0.0015939999999999999,-0.019497,0.001469,-0.99980800000000003
0.30089690811326691,-0.37403137608134801,-0.20903620632067638,0.0036771659536250739,-0.63550356352989523,-0.45334606963948815,0.0015380000000000001,-0.019277000000000002,0.0015019999999999999,-0.99981200000000003
0.30093354681262174,-0.37406017738348557,-0.20897922602293187,0.0036393809080486959,-0.63553345107950232,-0.45340146717001117,0.001737,-0.019278,0.001403,-0.99981200000000003
0.30096892931388525,-0.37409751093350307,-0.2089436701494054,0.0036013860979202798,-0.63554251908976522,-0.4534505575863359,0.001604,-0.019734999999999999,0.0015770000000000001,-0.99980300000000011
0.30100660063529294,-0.37413273452704099,-0.20890847109871699,0.0035618198157233555,-0.63555330131993526,-0.45349755282124604,0.001609,-0.019651999999999999,0.001433,-0.99980499999999994
0.30104897448914619,-0.37415932629099086,-0.20886062601983579,0.0035194054062233525,-0.63557983319381484,-0.45354461974366117,0.001493,-0.019313999999999998,0.0015480000000000001,-0.99981100000000001
0.30109434191408646,-0.37418849070842614,-0.20881457346695767,0.0034726424141648792,-0.63560433806533589,-0.45359190595057092,0.001645,-0.019310000000000001,0.001513,-0.99981100000000001
0.30114011559162451,-0.37422694250417271,-0.20878044687971506,0.003421970780234315,-0.63561484464404161,-0.45363898177982381,0.0016000000000000001,-0.019753,0.0014289999999999999,-0.99980300000000011
0.30118980516936256,-0.37426115731559118,-0.20874151373430905,0.0033682931829865548,-0.63563268150228647,-0.45368475783288004,0.0016539999999999999,-0.01932,0.0014170000000000001,-0.99981100000000001
0.30124163868251902,-0.37429380900733467,-0.20870382578240326,0.0033130395605306144,-0.63565125644933529,-0.45372819994926616,0.0016239999999999998,-0.019484999999999999,0.0014109999999999999,-0.99980800000000003
0.3012906323511591,-0.37433052762200741,-0.20868121586481497,0.0032605325127063206,-0.63565601222438117,-0.45376712399421215,0.001652,-0.019491999999999999,0.0015590000000000001,-0.999807
0.30134043730275112,-0.37436156710785046,-0.20865846938591015,0.0032097789224958886,-0.63566463031192844,-0.45380186121869026,0.0016479999999999999,-0.019375999999999997,0.001519,-0.99981000000000009
0.30139249382717498,-0.37439832780210858,-0.20863961474598458,0.0031537997641695394,-0.63566772491684886,-0.45383821297608773,0.001655,-0.019302,0.0015019999999999999,-0.99981100000000001
0.30144512513123223,-0.37443369837343959,-0.20862410824311373,0.0030979769324076247,-0.63566968812558877,-0.45387177318083616,0.0016329999999999999,-0.019362999999999998,0.001493,-0.99981000000000009
0.30150130247864776,-0.37446990739381875,-0.20860895368092267,0.0030378024090572807,-0.6356719446550575,-0.45390511676308337,0.001684,-0.019425999999999999,0.001493,-0.99980900000000006
0.30155724503133785,-0.37450103056888595,-0.20859439791315704,0.0029803158750901517,-0.63567689674881678,-0.45393454901204255,0.001591,-0.019466999999999998,0.0014759999999999999,-0.99980800000000003
0.3016160215525247,-0.37453355652404746,-0.20858090752814384,0.0029188176006697602,-0.63568110935877564,-0.45396381147381853,0.0016329999999999999,-0.019341999999999998,0.0015480000000000001,-0.99981000000000009
0.30166996889296671,-0.37456500634096773,-0.20857563044485236,0.0028633553338383165,-0.63567933310433156,-0.45398961211399896,0.0016000000000000001,-0.019324000000000001,0.0014710000000000001,-0.99981100000000001
0.30173426859665442,-0.37459425451043787,-0.20856204662299463,0.0027973342653870208,-0.63568728314337253,-0.45401538067794617,0.0015789999999999999,-0.019127999999999999,0.001485,-0.99981500000000001
0.30179429719332085,-0.37462620094850752,-0.20855786623215938,0.0027348796120355702,-0.63568629383787523,-0.45404001851144404,0.001578,-0.019211000000000002,0.0014519999999999999,-0.99981299999999995
0.30186754859644782,-0.37465305941802285,-0.20853960719608711,0.0026591515192489314,-0.63570146439600617,-0.45406321777479741,0.0014529999999999999,-0.019282000000000001,0.0014840000000000001,-0.99981200000000003
0.30193404986926753,-0.37468056133314048,-0.20853204740475062,0.0025911243514552765,-0.63570728156756462,-0.45408429756911989,0.0014990000000000001,-0.019198,0.0013979999999999999,-0.99981399999999998
0.30200073419148471,-0.37470536333699622,-0.20852487046078544,0.002524244101673046,-0.63571458511158385,-0.45410328527600263,0.0016329999999999999,-0.019696000000000002,0.0015119999999999999,-0.99980400000000014
0.30206936096523418,-0.37473430750870024,-0.20852194274050553,0.0024528767863163797,-0.6357172238849168,-0.45412294454951208,0.0017629999999999998,-0.019252000000000002,0.001531,-0.99981200000000003
0.30213790656509132,-0.37475767056788173,-0.20851716749716687,0.0023842412974869804,-0.63572447575065505,-0.45413923710271614,0.0016600000000000002,-0.019303000000000001,0.0014990000000000001,-0.99981100000000001
0.30220948073045861,-0.37478390764709524,-0.20851552224831407,0.0023107639005310499,-0.63572887430358516,-0.45415568126844152,0.001603,-0.019563000000000001,0.0014920000000000001,-0.99980599999999997
0.30227915042880421,-0.37480454220773879,-0.20851219405515206,0.0022418172363806027,-0.63573729516378619,-0.45416888747680279,0.0016460000000000001,-0.019316999999999997,0.0014210000000000002,-0.99981100000000001
0.30235105992800804,-0.37482544456990174,-0.208510229806145,0.0021701263243329009,-0.63574535859936365,-0.45418108847174243,0.001575,-0.019303000000000001,0.00149,-0.99981100000000001
0.30242223606339169,-0.37484480336953752,-0.20850941623262831,0.0020997833580748662,-0.63575352181825417,-0.45419191151330229,0.0015920000000000001,-0.019503,0.001621,-0.999807
0.30249395876273133,-0.37486149320275358,-0.20850767264392434,0.0020300404760841004,-0.6357640853758314,-0.45420070687510189,0.0014609999999999998,-0.019449999999999999,0.0015920000000000001,-0.99980800000000003
0.30256725775909055,-0.37488025075352033,-0.20850901236529498,0.0019573850620249558,-0.6357719878028314,-0.45420968855384936,0.0017539999999999999,-0.019112000000000001,0.0015630000000000002,-0.99981500000000001
0.30264191074490565,-0.37490374427167017,-0.20851600472789766,0.0018803964032845424,-0.63577418291767751,-0.45422026349541583,0.001505,-0.019466000000000001,0.0014759999999999999,-0.99980800000000003
0.30271525360720697,-0.37491916144564086,-0.20851840947241759,0.0018091412166108514,-0.63578366150464483,-0.45422653192179646,0.001513,-0.019259999999999999,0.001407,-0.99981200000000003
0.30279006640920941,-0.37493677623192717,-0.20852402583086116,0.0017348775937212682,-0.63579043791927725,-0.45423322798874111,0.0016719999999999999,-0.019356999999999999,0.0013630000000000001,-0.99981000000000009
0.30286779341307513,-0.37495591592388844,-0.20853141153839663,0.0016563155966681767,-0.63579608903235918,-0.45423937452936847,0.001621,-0.019333000000000003,0.0013680000000000001,-0.99981100000000001
0.30294695622753226,-0.37497279884750034,-0.20853809319262184,0.0015774075434800171,-0.63580392284339715,-0.45424348356258037,0.0016179999999999999,-0.019366999999999999,0.001322,-0.99981000000000009
0.30302471685354543,-0.37498826805361035,-0.20854525408115618,0.0015004215575879539,-0.63581210080970929,-0.45424675614798204,0.0015759999999999999,-0.019594999999999998,0.0014269999999999999,-0.99980599999999997
0.30310228036329878,-0.37500394445155855,-0.20855428367461312,0.0014229921657259535,-0.63581919162156864,-0.45424966232700309,0.0016710000000000002,-0.019185000000000001,0.001263,-0.99981399999999998
0.30317902224914872,-0.37501798153733679,-0.20856323328697091,0.0013469774855407691,-0.6358271795771343,-0.45425128348014404,0.001611,-0.019686000000000002,0.001426,-0.99980400000000014
0.303255379160905,-0.37503169697793365,-0.20857354839449097,0.0012710373927476597,-0.63583465978234266,-0.45425239094454917,0.0015770000000000001,-0.019493,0.001322,-0.99980800000000003
0.30333066216404919,-0.37504378641059632,-0.20858426555027917,0.0011966652524236147,-0.63584273033099026,-0.45425239891568525,0.0015949999999999998,-0.019528,0.0013310000000000002,-0.999807
0.30340713232490496,-0.37505572319234376,-0.2085959480138852,0.0011208701834993348,-0.63585081508815888,-0.4542516593072064,0.001627,-0.019465,0.001356,-0.99980800000000003
0.30347946432585937,-0.37506431199263546,-0.20860600279328984,0.0010510313143164366,-0.63586082779737163,-0.45424972996270024,0.0015449999999999999,-0.019396,0.0013910000000000001,-0.99981000000000009
0.30355148745252553,-0.37507522010297889,-0.20861954321796966,0.00097916265284384886,-0.63586797013458973,-0.45424905759739997,0.0016149999999999999,-0.019527000000000003,0.0013880000000000001,-0.999807
0.30362085923504517,-0.37508137800909047,-0.20862963840977261,0.00091301981477326616,-0.63587884617970936,-0.45424555073669154,0.00157,-0.019712,0.0014210000000000002,-0.99980400000000014
0.30369133285348004,-0.37508917080379756,-0.20864164541118635,0.00084419211989392466,-0.63588817154730015,-0.45424191733941538,0.001567,-0.019445,0.001374,-0.99980900000000006
0.30375399362443167,-0.37509137374773671,-0.20865027949341586,0.00078668425297023987,-0.63590078356246826,-0.45423749625377147,0.0016879999999999998,-0.019758000000000001,0.0013189999999999999,-0.99980300000000011
0.30382154474270145,-0.37509620905692975,-0.20866091394895744,0.00072231512386390086,-0.63591181675133368,-0.45423155377994145,0.00157,-0.019703999999999999,0.0013730000000000001,-0.99980400000000014
0.30388702069383766,-0.37509993032974037,-0.20867181024224796,0.00066027574174511063,-0.63592303094821145,-0.4542253633734285,0.001508,-0.019324000000000001,0.001317,-0.99981100000000001
0.3039494172300336,-0.37510228374381271,-0.20868292796365628,0.00060161465529768525,-0.63593446106023255,-0.45421938214667151,0.0017530000000000002,-0.018393,0.0015070000000000001,-0.99982800000000005
0.30400538192018473,-0.37510182508299456,-0.20868987823303251,0.00055181910311748097,-0.63594759458707795,-0.45421200171982035,0.001513,-0.019366999999999999,0.0013940000000000001,-0.99981000000000009
0.30406879290861855,-0.37510536567290814,-0.20870404086554373,0.00049017687962222038,-0.63595760335157725,-0.45420567617093704,0.0016609999999999999,-0.019658000000000002,0.0013650000000000001,-0.99980400000000014
0.30412255479228362,-0.37510359894149126,-0.20871216047454114,0.00044270068300526592,-0.63597090427463665,-0.45419834960180405,0.001493,-0.019472,0.0012619999999999999,-0.99980800000000003
0.30416971664516479,-0.37510135300429792,-0.20871479454879588,0.00040411120440972517,-0.63598461984913712,-0.45418892744539285,0.0014170000000000001,-0.019474999999999999,0.0014599999999999999,-0.99980800000000003
0.30422026461796031,-0.37509831622623174,-0.20872379815901471,0.00035972716538876508,-0.63599793039617192,-0.45418176888831491,0.0016690000000000001,-0.019568000000000002,0.001299,-0.99980599999999997
0.30427345631034552,-0.37509799829561785,-0.20873304113167918,0.00031166484155970464,-0.63600938590131417,-0.45417222228286441,0.0014159999999999999,-0.019446000000000001,0.0013109999999999999,-0.99980900000000006
0.30432679520933226,-0.37509647338225122,-0.20874610658266055,0.00026175177130169228,-0.63602114705753798,-0.45416449483324178,0.0013880000000000001,-0.019384999999999999,0.0012830000000000001,-0.99981000000000009
0.30437487886333725,-0.37509482047028098,-0.20875453872226205,0.00021945674464125809,-0.63603259506619425,-0.45415491555377241,0.001603,-0.018397,0.001549,-0.99982800000000005
0.30441747840295869,-0.37509147158496647,-0.20876070190790591,0.00018416799885747335,-0.63604472758476549,-0.45414594095613459,0.00147,-0.019568000000000002,0.001407,-0.99980599999999997
0.3044652700890168,-0.37508933954725437,-0.2087742411326251,0.00013912967132665398,-0.63605594699867329,-0.45413809019675921,0.001516,-0.019472999999999997,0.001217,-0.99980800000000003
0.30450532021297849,-0.37508460009511241,-0.20878156943625092,0.00010598572720718613,-0.63606832743551778,-0.45412987113465492,0.001444,-0.019606000000000002,0.0012869999999999999,-0.99980599999999997
0.30454840874587158,-0.37508007288547318,-0.20879320169781071,6.7171341569101004e-05,-0.63608049312346515,-0.45412176451669661,0.001449,-0.01976,0.001382,-0.99980300000000011
0.30458450169960538,-0.3750771828578105,-0.20879912454197291,3.8144580128181651e-05,-0.6360905955312316,-0.45411232856902545,0.0016479999999999999,-0.019393000000000001,0.0012539999999999999,-0.99981000000000009
0.30462235586123826,-0.37507514353101701,-0.20880717880502009,5.9413755486837066e-06,-0.63609989835574154,-0.45410234119782455,0.0013760000000000001,-0.019262999999999999,0.001353,-0.99981299999999995
0.30465799949326655,-0.37506974336093041,-0.20881608672296045,-2.3814849021602303e-05,-0.63611160249673437,-0.45409411826327778,0.001418,-0.019147000000000001,0.0012869999999999999,-0.99981500000000001
0.3046932582668197,-0.37506855801762867,-0.20882387440928579,-5.3442825957298224e-05,-0.63611957626062932,-0.45408356417094392,0.0015070000000000001,-0.019909,0.0013779999999999999,-0.99980000000000002
0.30472520633520139,-0.37506894619928122,-0.2088303386138804,-7.9449741053869193e-05,-0.63612572246276844,-0.45407260605767391,0.0013669999999999999,-0.019500999999999998,0.0013439999999999999,-0.99980800000000003
0.30475948302829386,-0.37506232947232171,-0.20884256811871085,-0.00011008851550474061,-0.63613809868847504,-0.45406453823470849,0.0014009999999999999,-0.019743,0.001325,-0.99980300000000011
0.30479137228623104,-0.37505528684842532,-0.20885473030076601,-0.00013841859572805084,-0.63615055970090362,-0.45405677068468409,0.0014,-0.020000999999999998,0.00115,-0.99979799999999996
0.3048224400598295,-0.37504970084614914,-0.20886570885158795,-0.00016527877234131247,-0.63616143899145539,-0.45404808765672111,0.0014909999999999999,-0.019578999999999999,0.0012689999999999999,-0.99980599999999997
0.30485163776583979,-0.37504455245392826,-0.20887611746307252,-0.00019019331577084042,-0.63617155393865488,-0.45403935419118041,0.0014599999999999999,-0.019948,0.0012279999999999999,-0.99979899999999999
0.3048792454572602,-0.37504044269893438,-0.20888537663773793,-0.0002129252158630504,-0.63618039283149153,-0.45403031014657819,0.001407,-0.020059999999999998,0.0010890000000000001,-0.99979699999999994
0.30490153083187682,-0.37503944132680467,-0.20889102632023257,-0.00022881362658150675,-0.63618563884014812,-0.45402137746537202,0.0016750000000000001,-0.018461999999999999,0.001392,-0.99982700000000002
0.30492289552335755,-0.37503580693438482,-0.20889735788867028,-0.00024390791041339248,-0.63619303529360482,-0.45401362881771734,0.0016280000000000001,-0.0183,0.001436,-0.99982999999999989
0.30494563102637945,-0.37502945448008884,-0.20890782856902118,-0.00026298908907691526,-0.63620322328163648,-0.45400563069783634,0.001547,-0.018465000000000002,0.0014009999999999999,-0.99982700000000002
0.30496275663220357,-0.37503108224551673,-0.20891317116757369,-0.00027446935276242485,-0.63620526817913692,-0.45399687472268913,0.0014189999999999999,-0.019821999999999999,0.0012519999999999999,-0.99980200000000008
0.30498362665880041,-0.37502155014006433,-0.20892259714385178,-0.00029089062346076427,-0.63621784130781511,-0.45399022733637606,0.0014189999999999999,-0.020142,0.0013730000000000001,-0.9997950000000001
0.3050004497588667,-0.37501390777175669,-0.20893129086563927,-0.00030318095439845058,-0.63622822236791754,-0.45398373229429717,0.0014939999999999999,-0.019747999999999998,0.001196,-0.99980300000000011
0.30501778864905299,-0.37500804916608976,-0.20894160155597671,-0.00031754660692730728,-0.63623716947874831,-0.45397572629127675,0.001299,-0.019599999999999999,0.001335,-0.99980599999999997
0.3050334904416,-0.37500785958120103,-0.20894937927761442,-0.00032915933765326286,-0.6362403817170047,-0.45396695160340311,0.0012769999999999999,-0.019802,0.0013039999999999998,-0.99980200000000008
0.30504558227187528,-0.37499936401692324,-0.20895810829095696,-0.00033729811244744435,-0.63625100162008474,-0.45396112223773738,0.0015150000000000001,-0.018394000000000001,0.0014239999999999999,-0.99982900000000008
0.30505792370936224,-0.37499356361657621,-0.20896476726312993,-0.00034452247503724873,-0.63625884717382486,-0.45395552949673679,0.0014599999999999999,-0.019852999999999999,0.001127,-0.99980100000000005
